experiment_id,ReactorTempSP,ReactorPressSP,ProductionSP,ReactorLevelSP,AgitatorSpeedSP,SteamValvePosSP
1,124.23013919352587,2757.073645070806,20.314140208008862,54.82565799273516,202.4215188767603,10.50609441209081
2,120.49851470640128,2814.44529100785,20.487188636732444,56.13740351552611,201.35766831313953,3.5183087527878496
3,121.71415131732257,2885.8260247568696,20.955658580117266,55.19319031955381,239.53784601082015,7.484045685973956
4,122.08964917706766,2772.697090702853,19.524191225991462,64.66136850796754,218.3577516463376,14.276719719669451
5,120.62954886705683,2712.3674241994813,20.853327899627295,61.98904905855319,213.20475875661037,13.829237761689386
6,123.30069837921229,2878.855593369589,18.767417464186185,64.90738507349128,221.27537015727017,1.4526321602289285
7,122.98267713262194,2834.953958989766,21.17730906509491,52.832546501329375,219.63570673427307,6.7918304509855405
8,119.9732979863997,2763.9848084155083,21.51677401986048,57.2988089106258,205.51043468414153,6.677917974017439
9,119.70900059947,2842.5458044282695,22.080009179752487,52.49815943256225,210.17756301874823,9.833787285851992
10,122.23931128284983,2807.9626306491787,23.854108422446167,50.357814701011776,232.3835025015603,0.9713674816160065
11,121.44421293842794,2724.468937330035,22.24347638935188,59.30875028564599,227.8044013999995,9.361605149835501
12,121.59210571190062,2708.7621621812964,18.996918216543207,59.89082065269191,248.98784610598372,13.39786783906884
13,119.01954625689758,2747.9896966709375,19.194169725831095,63.4296540269945,249.75533853519443,4.084520871318277
14,126.5257290463545,2736.4523308204043,20.73356864596726,54.39840328463998,228.48831634611165,9.708256770023073
15,125.39697172358215,2891.457344452479,20.127764064940354,55.38453069243715,248.19894018413868,4.874738806224159
16,125.77969171963825,2821.236958780997,20.055384372442596,61.15474469347588,218.08207325904343,2.092429351720278
17,125.08509165192622,2728.9651377622226,21.78819940978795,60.509525583862626,220.07618275774365,10.325073216547313
18,119.63121733847207,2700.1001767736198,21.02212490960342,56.57077745271025,244.62553208154685,0.18193960953871025
19,123.1204812050462,2817.3165422112324,21.45442237101664,53.699409158801195,242.2450361465411,7.855195107764527
20,120.44309696227477,2856.4660035766997,18.524148047016478,63.820134261012264,242.97325580018742,6.343172789824389
21,120.92212027081163,2801.8879985449466,19.891555567886012,57.89604814945735,234.13198818844842,1.1265022951888704
22,124.5560185050223,2722.2802963861855,19.789659703227745,60.10308885695557,230.69117252621925,8.268719970405801
23,122.38919184803994,2861.3726731352617,21.940908450851857,55.99429903224257,202.53453398896545,7.629424140764274
24,122.62896863636662,2829.731127500252,21.251334166916184,56.87732325141137,206.7184779541875,12.857067986905982
25,119.47020141319241,2848.6323290949513,22.766843100265746,51.36983189938211,222.96757378307913,11.744596980029918
26,124.75649441010742,2716.587477491521,18.08597509110014,60.861490964115234,231.57618688238713,14.831939976740047
27,122.5625021621548,2863.6068764372512,23.627300538571312,52.55783812702059,245.74354921170342,12.020997038715597
28,119.23597146788069,2716.1284091924276,23.74451475306085,54.15726942903439,221.80850854738966,11.297937131983925
29,126.42438148095697,2768.4030769660235,18.87090821618599,57.62123571769207,209.78669575786034,12.515989107487759
30,125.5113856243224,2784.354040486975,19.656490293999695,62.75190610898604,203.4236022781209,8.062847995135762
31,126.88122766788287,2784.846298420982,19.948114163961357,50.6710177370423,216.85665630657417,7.0845846842080595
32,125.61684563615017,2745.1929833288,18.425321038865096,60.43438487101928,210.88598904122185,13.18975735624858
33,123.9169656090118,2778.548883815594,20.68467156833755,58.45518292296057,243.66718100706595,5.781359489790634
34,126.84047537790472,2776.9914480630746,18.322259516175883,59.50704339348476,213.7493823448314,11.964025624362188
35,126.19814182830557,2845.5036179025037,23.38681777822135,54.58058533159679,206.56513957947624,2.373417517094842
36,120.77409834191428,2792.361371020032,22.480022434833995,51.79896886845444,235.23716072532017,13.565253999021115
37,119.3825256331257,2894.5978001381363,18.207243744899348,53.40060545154377,229.74920942351588,4.377853988662117
38,123.97828477163152,2765.1442244145974,22.671355377311794,58.76879789267199,239.1459504238448,11.111200489418295
39,123.7154699851092,2790.65583343781,22.185966040293607,58.64522142017093,214.19480673988068,3.8509893616914064
40,121.14226357045331,2866.3858270242577,23.25326183984447,58.053809137686955,204.9851360133525,3.2227140008085664
41,125.82274285134896,2853.410344462943,19.076735925803355,64.36730760235024,211.99498681608333,1.5330652615559972
42,124.65291904568817,2750.6591423998607,22.96258159565928,56.39352947840662,232.79005747868337,12.283127342061919
43,122.80614708238983,2884.444521420408,23.57633376370024,64.06349642993914,207.6528593638134,1.9736804800364687
44,121.92445881907264,2759.8180905927916,23.085382675580732,50.04383395238592,200.57472110506328,5.464032016757215
45,125.94387060366834,2796.9620219011103,21.671527991766208,61.46159665120199,215.7370916136122,5.24471299591589
46,124.45928061211143,2741.6824152194586,23.494661806737284,62.60221404597226,236.09940456100043,10.901592385791993
47,126.2909345204064,2870.610289729678,19.212499505776538,51.53721709329445,226.63043744832268,6.204625397600869
48,124.16843401718609,2799.939490378545,20.54287673482572,57.1459343935742,240.79228823339366,9.156596465385107
49,123.46349960683764,2832.919566315563,23.116654144621144,52.23700953338373,224.22929844248495,2.975221714605031
50,123.55419000645364,2729.5663772822354,22.50204293194134,50.7994935299316,234.35043538269056,0.3393791810011131
51,125.16280048605626,2735.312705322657,21.846393196405238,53.121444282452394,236.78535654656454,0.634300158601621
52,124.94865473385329,2704.4214193684793,23.973353668249914,51.21505789726151,225.43510227164688,8.645777657851278
53,120.30232400792949,2874.3055866171258,19.363360755017375,63.668126108896864,223.85044660022757,8.828564163636013
54,120.16041647005716,2752.166211738175,22.308365198046182,63.12977239292498,216.39303232916276,2.6161413025424993
55,121.28685860149685,2824.6290911431797,19.419560817205294,59.11681943098357,237.8059019756103,10.177961096454384
56,121.96868091169196,2878.0921850723416,20.23052018711815,55.53482023291853,209.05658096891537,5.59640506486452
57,119.920653900236,2804.8914242081178,18.691550678117647,61.516015044324845,241.55216005830184,4.51027993852273
58,121.02654877652199,2837.8205334854842,18.121737589537044,62.051221290254226,226.7116441143189,14.686654161540202
59,126.65465654728555,2813.441090107916,21.338383429997588,53.9571771739768,247.02920782377296,3.3568923714915377
60,123.20453531293583,2851.0514467295825,22.823607660999343,62.30018882087198,246.25653898702046,14.100101639619346
61,119.0,2700.0,18.0,50.0,250.0,0.0
62,119.0,2700.0,24.0,50.0,250.0,0.0
63,119.0,2895.0,18.0,50.0,250.0,0.0
64,119.0,2895.0,24.0,50.0,250.0,0.0
65,127.0,2700.0,18.0,50.0,250.0,0.0
66,127.0,2700.0,24.0,50.0,250.0,0.0
67,127.0,2895.0,18.0,50.0,250.0,0.0
68,127.0,2895.0,24.0,50.0,250.0,0.0
69,123.0,2797.5,21.0,57.5,225.0,7.5
70,122.0,2895.0,23.0,50.0,250.0,0.0
71,120.0,2895.0,23.0,50.0,250.0,0.0
72,124.0,2895.0,23.0,50.0,250.0,0.0
73,122.0,2800.0,23.0,50.0,250.0,0.0
74,122.0,2895.0,22.0,50.0,250.0,0.0
75,122.0,2895.0,24.0,50.0,250.0,0.0
