experiment_id,profit,is_steady,elapsed_time,ReactorTempSP,ReactorPressSP,ProductionSP,ReactorLevelSP,AgitatorSpeedSP,SteamValvePosSP
1,6452.283510208826,True,182.67691469192505,124.23013919352589,2757.073645070806,20.314140208008865,54.82565799273516,202.4215188767603,10.50609441209081
2,6457.943992166494,True,182.7917218208313,120.49851470640128,2814.44529100785,20.487188636732444,56.13740351552611,201.35766831313956,3.5183087527878496
3,6639.814589494519,True,195.20698952674866,121.71415131732256,2885.8260247568696,20.955658580117262,55.19319031955381,239.53784601082012,7.484045685973956
4,6167.377133344868,True,197.3967444896698,122.08964917706766,2772.697090702853,19.524191225991466,64.66136850796754,218.3577516463376,14.276719719669453
5,6609.020142059795,True,189.6919515132904,120.62954886705684,2712.3674241994813,20.853327899627292,61.98904905855319,213.2047587566104,13.829237761689386
6,5959.710717006083,True,204.63494062423706,123.30069837921228,2878.855593369589,18.767417464186185,64.90738507349128,221.27537015727015,1.4526321602289285
7,6720.443106550277,True,198.69460606575012,122.98267713262194,2834.953958989766,21.17730906509491,52.832546501329375,219.63570673427307,6.7918304509855405
8,6758.445282276281,True,198.89523005485535,119.9732979863997,2763.9848084155083,21.51677401986048,57.2988089106258,205.51043468414156,6.677917974017439
9,7009.71814198765,True,196.67559218406677,119.70900059947,2842.545804428269,22.080009179752487,52.49815943256225,210.17756301874823,9.833787285851992
10,7620.198495318604,True,200.07761573791504,122.23931128284984,2807.9626306491787,23.854108422446167,50.357814701011776,232.3835025015603,0.9713674816160064
11,6979.801595980114,True,203.41526293754578,121.44421293842794,2724.468937330035,22.24347638935188,59.30875028564599,227.8044013999995,9.3616051498355
12,6044.533463231558,True,202.4615364074707,121.59210571190062,2708.7621621812964,18.996918216543207,59.89082065269191,248.9878461059837,13.39786783906884
13,6137.1173068161415,True,203.71988344192505,119.01954625689758,2747.989696670937,19.19416972583109,63.4296540269945,249.75533853519445,4.084520871318277
14,6562.691045493464,True,198.94186115264893,126.5257290463545,2736.4523308204043,20.73356864596726,54.39840328463998,228.48831634611165,9.708256770023072
15,6385.476886478968,True,214.96341967582703,125.39697172358215,2891.457344452479,20.127764064940354,55.38453069243715,248.19894018413868,4.874738806224159
16,6320.044920755521,True,193.83794403076172,125.77969171963824,2821.236958780997,20.0553843724426,61.15474469347588,218.08207325904343,2.092429351720278
17,6862.796807100873,True,186.27079463005066,125.08509165192622,2728.965137762222,21.78819940978795,60.50952558386263,220.07618275774365,10.325073216547311
18,6666.315299077795,True,191.02110409736633,119.63121733847208,2700.10017677362,21.02212490960342,56.57077745271025,244.62553208154685,0.1819396095387102
19,6777.034106755606,True,185.7382779121399,123.1204812050462,2817.3165422112324,21.45442237101664,53.6994091588012,242.2450361465411,7.855195107764527
20,5839.00943864156,True,202.87895965576172,120.44309696227477,2856.4660035767,18.52414804701648,63.82013426101226,242.97325580018745,6.343172789824389
21,6301.406523186235,True,187.07095646858215,120.92212027081165,2801.887998544946,19.89155556788601,57.89604814945735,234.1319881884484,1.1265022951888704
22,6314.121294207577,True,186.47240257263184,124.5560185050223,2722.280296386185,19.789659703227745,60.10308885695557,230.69117252621925,8.268719970405801
23,6957.508895401616,True,182.96563601493835,122.38919184803994,2861.3726731352617,21.940908450851857,55.99429903224257,202.53453398896545,7.629424140764274
24,6657.482300272207,True,187.94187808036804,122.62896863636662,2829.731127500252,21.251334166916184,56.87732325141137,206.7184779541875,12.857067986905982
25,7238.953325516153,True,182.35472702980042,119.4702014131924,2848.6323290949517,22.766843100265746,51.36983189938211,222.96757378307916,11.744596980029918
26,5783.300096047342,True,184.02446842193604,124.75649441010742,2716.587477491521,18.08597509110014,60.861490964115234,231.57618688238716,14.831939976740047
27,7460.208758825137,True,182.7019760608673,122.5625021621548,2863.6068764372512,23.627300538571312,52.55783812702059,245.74354921170345,12.020997038715596
28,7383.045682927033,True,195.81397771835327,119.23597146788067,2716.128409192428,23.74451475306085,54.15726942903439,221.8085085473897,11.297937131983923
29,5980.55425560441,True,184.1730511188507,126.42438148095697,2768.4030769660235,18.87090821618599,57.62123571769207,209.78669575786037,12.51598910748776
30,6215.024893747011,True,181.56992173194885,125.5113856243224,2784.354040486975,19.656490293999692,62.75190610898604,203.4236022781209,8.062847995135762
31,6219.508741125897,True,178.91052889823914,126.88122766788288,2784.846298420982,19.94811416396136,50.6710177370423,216.85665630657417,7.08458468420806
32,5809.132078862876,True,185.397784948349,125.61684563615016,2745.1929833288,18.425321038865096,60.43438487101928,210.88598904122185,13.18975735624858
33,6605.786164264276,True,188.9549698829651,123.9169656090118,2778.548883815594,20.68467156833755,58.45518292296057,243.66718100706595,5.781359489790634
34,5776.528425938411,True,184.5583415031433,126.84047537790472,2776.9914480630746,18.322259516175883,59.50704339348476,213.7493823448314,11.964025624362188
35,7339.807582526836,True,187.43224573135376,126.19814182830557,2845.503617902504,23.38681777822135,54.58058533159679,206.56513957947624,2.373417517094842
36,7095.976221293698,True,184.09564447402954,120.77409834191428,2792.361371020032,22.480022434833995,51.79896886845444,235.23716072532017,13.565253999021117
37,5803.248720041242,True,187.97838425636292,119.3825256331257,2894.5978001381363,18.207243744899348,53.40060545154377,229.74920942351588,4.377853988662117
38,7233.538922075363,True,181.96061611175537,123.97828477163152,2765.1442244145974,22.671355377311794,58.76879789267199,239.1459504238448,11.111200489418296
39,6967.8068305748875,True,186.74908447265625,123.7154699851092,2790.65583343781,22.185966040293607,58.64522142017093,214.19480673988068,3.8509893616914064
40,7318.1659829573755,True,186.59793663024902,121.14226357045332,2866.3858270242577,23.25326183984447,58.05380913768696,204.9851360133525,3.2227140008085664
41,6051.663075812719,True,186.76395797729492,125.82274285134896,2853.410344462943,19.076735925803355,64.36730760235024,211.99498681608333,1.5330652615559972
42,7259.821839835821,True,180.13057827949524,124.65291904568817,2750.6591423998607,22.96258159565928,56.39352947840662,232.79005747868337,12.28312734206192
43,7448.557062671966,True,184.77263116836548,122.80614708238984,2884.444521420408,23.57633376370024,64.06349642993914,207.6528593638134,1.973680480036469
44,7311.009822749765,True,180.44889736175537,121.92445881907264,2759.818090592792,23.08538267558073,50.04383395238592,200.57472110506328,5.464032016757215
45,6907.485791910489,True,183.5625832080841,125.94387060366834,2796.9620219011103,21.671527991766208,61.46159665120199,215.7370916136122,5.24471299591589
46,7353.305781031871,True,184.28547978401184,124.45928061211144,2741.6824152194586,23.494661806737284,62.60221404597226,236.09940456100043,10.901592385791991
47,6107.752959406804,True,185.40936970710754,126.2909345204064,2870.610289729678,19.212499505776535,51.53721709329445,226.63043744832268,6.204625397600869
48,6459.7977116917655,True,185.63761258125305,124.16843401718609,2799.939490378545,20.54287673482572,57.1459343935742,240.7922882333937,9.156596465385109
49,7320.7013491010175,True,183.26408863067627,123.46349960683764,2832.919566315563,23.116654144621144,52.23700953338373,224.22929844248492,2.975221714605031
50,7143.220772070063,True,185.63057947158813,123.55419000645364,2729.5663772822354,22.50204293194134,50.7994935299316,234.35043538269056,0.3393791810011131
51,6953.45475795945,True,184.68889832496643,125.16280048605626,2735.312705322657,21.84639319640524,53.1214442824524,236.78535654656451,0.634300158601621
52,7617.866450881236,True,185.67437934875488,124.94865473385327,2704.4214193684797,23.973353668249917,51.21505789726151,225.43510227164688,8.645777657851278
53,6197.495994061371,True,196.9622597694397,120.30232400792949,2874.3055866171258,19.36336075501737,63.668126108896864,223.8504466002276,8.828564163636013
54,7056.360636805536,True,190.48819994926453,120.16041647005716,2752.166211738175,22.308365198046182,63.12977239292498,216.3930323291628,2.6161413025424998
55,6140.385263334328,True,192.4442000389099,121.28685860149685,2824.62909114318,19.41956081720529,59.11681943098357,237.8059019756103,10.177961096454384
56,6413.325846659709,True,186.23970770835876,121.96868091169196,2878.0921850723416,20.23052018711815,55.53482023291853,209.05658096891537,5.59640506486452
57,5947.207011535366,True,189.00421047210693,119.920653900236,2804.8914242081178,18.691550678117647,61.516015044324845,241.55216005830184,4.51027993852273
58,5735.110833741861,True,189.621328830719,121.026548776522,2837.820533485484,18.121737589537044,62.05122129025423,226.7116441143189,14.686654161540202
59,6755.520836390808,True,185.3246192932129,126.65465654728555,2813.441090107916,21.338383429997588,53.9571771739768,247.02920782377296,3.3568923714915377
60,7253.1962126082035,True,192.56253790855408,123.20453531293585,2851.0514467295825,22.823607660999343,62.30018882087198,246.2565389870205,14.100101639619346
61,5722.570232326526,True,187.75113368034363,119.0,2700.0,18.0,50.0,250.0,0.0
62,7479.879861557278,True,186.95726871490479,119.0,2700.0,24.0,50.0,250.0,0.0
63,5705.908534324169,True,187.41624307632446,119.0,2895.0,18.0,50.0,250.0,0.0
64,7630.848765080163,True,184.71641278266907,119.0,2895.0,24.0,50.0,250.0,0.0
65,5666.711288345271,True,183.7702603340149,127.0,2700.0,18.0,50.0,250.0,0.0
66,7543.848584165937,True,185.11252212524414,127.0,2700.0,24.0,50.0,250.0,0.0
67,5734.198068725433,True,183.56152820587158,127.0,2895.0,18.0,50.0,250.0,0.0
68,7567.8506181301855,True,186.06143736839294,127.0,2895.0,24.0,50.0,250.0,0.0
69,6649.754894024889,True,190.73507618904114,123.0,2797.5,21.0,57.5,225.0,7.5
70,7253.679636796525,True,187.2426314353943,122.0,2895.0,23.0,50.0,250.0,0.0
71,7280.507904225362,True,184.41490840911865,120.0,2895.0,23.0,50.0,250.0,0.0
72,7272.5811011604965,True,186.60929226875305,124.0,2895.0,23.0,50.0,250.0,0.0
73,7261.6784519919975,True,189.81284546852112,122.0,2800.0,23.0,50.0,250.0,0.0
74,6921.4129788426235,True,186.49485683441162,122.0,2895.0,22.0,50.0,250.0,0.0
75,7556.112079311219,True,185.75014543533325,122.0,2895.0,24.0,50.0,250.0,0.0
