experiment_id,profit,xmeas_time,xmeas_A Feed,xmeas_D Feed,xmeas_E Feed,xmeas_A and C Feed,xmeas_Recycle Flow,xmeas_Reactor Feed Rate,xmeas_Reactor Pressure,xmeas_Reactor Level,xmeas_Reactor Temperature,xmeas_Purge Rate,xmeas_Product Sep Temp,xmeas_Product Sep Level,xmeas_Product Sep Pressure,xmeas_Product Sep Underflow,xmeas_Stripper Level,xmeas_Stripper Pressure,xmeas_Stripper Underflow,xmeas_Stripper Temp,xmeas_Stripper Steam Flow,xmeas_Compressor Work,xmeas_Reactor Coolant Temp,xmeas_Separator Coolant Temp,xmeas_Component A to Reactor,xmeas_Component B to Reactor,xmeas_Component C to Reactor,xmeas_Component D to Reactor,xmeas_Component E to Reactor,xmeas_Component F to Reactor,xmeas_Component A in Purge,xmeas_Component B in Purge,xmeas_Component C in Purge,xmeas_Component D in Purge,xmeas_Component E in Purge,xmeas_Component F in Purge,xmeas_Component G in Purge,xmeas_Component H in Purge,xmeas_Component D in Product,xmeas_Component E in Product,xmeas_Component F in Product,xmeas_Component G in Product,xmeas_Component H in Product,xmv_time,xmv_D feed load,xmv_E feed load,xmv_A feed load,xmv_A and C feed load,xmv_Compressor recycle valve,xmv_Purge valve,xmv_Separator liquid load,xmv_Stripper liquid load,xmv_Stripper steam valve,xmv_Reactor coolant load,xmv_Condenser coolant load,xmv_Agitator speed
1,6452.283510208826,29.775,0.24162915324914688,3188.106378670419,3896.604910665439,8.148444563057453,32.52351766316975,45.77139732141351,2757.84992161406,54.70100182917084,124.22752388657754,0.21538150541707074,99.24447984445541,48.932109848296605,2666.1736087266713,22.049456217753637,48.89701339522707,3269.4457268041433,20.318022021816112,74.61268319642298,38.121834826703704,283.0461884130608,105.85859473674823,99.05028742190532,32.16178039902515,15.293853015024382,18.93447672973856,5.350959656757205,13.438313080277064,5.322487261263019,32.470223190301326,21.436347795467167,13.72064173629557,0.6231526606115372,12.155824369845238,6.955540252063777,8.418821651712312,4.1927751069902595,-0.0001375181406316663,0.3018602413539431,0.1559868668966654,53.792088745181914,44.62610742581979,29.775,55.11052163097437,46.70197329979385,23.72155101603483,53.39435205355612,1.0,27.232048171677018,32.099700275533095,40.6663996345157,10.5061,30.749533134269445,8.51206659372279,202.42149999999998
2,6457.943992166494,29.775,0.2218596825313472,3255.96688889201,3949.373220219465,8.300737596293336,33.84445053228701,47.43140591457271,2815.4744062700092,55.78247745594217,120.50088418224637,0.19935497852449352,92.81953009205148,49.71244026107362,2722.1390731541483,22.136556052612015,50.22609363443273,3335.8645609109785,20.471165850405363,68.45549337726385,16.163148198777698,290.2531470289883,102.0943814870262,95.10804127481845,32.29140007049334,16.902324116743692,18.371460141145626,5.432154292063663,15.457670834817288,3.4299542704853883,32.585323829345114,23.462556756421467,13.623094432211508,0.9380421946605754,14.610440316552717,4.4176495014517965,6.901698999714133,3.3635679073836093,0.014547539830278,0.4678480508789048,0.1387382602560984,53.58219165652967,44.02915573277224,29.775,56.00928726573935,47.30021080500423,21.770559993668677,54.26184572546807,1.0,24.01634696113188,32.774792464899704,41.432539716653835,3.5183,32.52495087007268,10.885734343158658,201.3577
3,6639.814589494519,29.775,0.2272606240087749,3330.149718870968,4009.2744610741747,8.443527011853417,34.39623087049358,48.02312208388095,2885.5113488364977,55.12363030038058,121.71642036391185,0.1820620653629114,93.62490356898152,48.93221749034107,2790.2017452142036,22.65141674954902,48.67480708544488,3417.103995732728,20.99691401118414,69.88488249912905,31.865587471743623,293.53237570558815,102.91328917220771,96.22090716990297,32.2447621828415,17.59005161733246,18.70634116736894,5.4076925718490845,14.183736609568777,4.0504187469582815,32.26424857029516,24.384605680733777,13.768031568952017,0.7903908214446603,13.005546953418365,5.205394716022008,6.899317459701503,3.453836115343127,-0.004860169130542205,0.4184179918012805,0.15057653125095266,53.27221553028552,44.53440306972749,29.775,57.35384338548338,48.015842356709506,22.37775969391261,55.36462456283182,1.0,21.545568866167805,33.34851302469031,42.25865028992117,7.483999999999999,32.83103266819091,9.250007864903207,239.5378
4,6167.377133344868,29.775,0.23202430220174045,3085.743814658886,3737.502353613328,7.826640833429103,33.13887527926713,45.96385215769828,2771.5874022705184,64.43787480566635,122.09100074052608,0.18106636391506642,97.0358467394988,50.705696336766536,2679.815957395579,21.160053121968794,50.91830533391111,3283.006536228124,19.49124980818168,73.60665259938739,53.523174211266884,285.5826549127426,104.46069880792604,97.91068691639127,32.04994910780599,15.810476885964187,18.876317266683934,5.256150106607424,14.866764948045542,4.179825809637739,32.34969585116245,21.858311625528692,14.169240466422735,0.8406763651413748,14.127736190526093,5.3617867616066235,7.840650046107783,3.8918506220670097,0.0057268657636249925,0.36610490228666703,0.13348438039869448,53.5652597538854,44.36976754314334,29.775,53.16155039684172,44.681900017246235,22.764831003557013,51.20731505050132,1.0,22.487756611438538,31.079725645243762,39.247123796975,14.2767,30.07233775335991,8.649687909241155,218.3578
5,6609.020142059795,29.775,0.22911232611230745,3321.9613963866054,4024.184610589742,8.381685202106834,32.21548715552431,46.08308844043752,2712.930503625694,62.0511316178595,120.62716914567685,0.19752778318507597,92.34686858413777,49.66929579565401,2622.0277164311583,22.854450745919863,50.98326235403759,3220.499563033767,20.875205498857362,69.54806178108053,59.8199293007635,278.5739675184392,101.90191527592442,92.65652852252076,32.08214481006567,14.541653594065377,18.841932676006213,5.738261166362634,17.32575932814421,3.247225282670578,32.21609419250531,20.694423849235477,13.80311465750782,1.1004373050316645,17.44187130393717,4.23751435831795,7.04311024234578,3.39639126984563,0.005823088548419306,0.5553850350340981,0.13081205451538264,53.99517136587256,43.97364938552683,29.775,57.2027020567554,48.10962063966527,22.533676571546117,55.102000240419876,1.0,24.93018206549453,33.75243789719879,42.15146369780241,13.8292,33.22593257238867,10.868233762410881,213.20480000000003
6,5959.710717006083,29.775,0.21401944324202185,2956.858171345005,3603.0503161109873,7.5176305842298845,34.32006895891969,46.62948184859971,2878.724188259932,64.89295277678293,123.29922676853808,0.16810670874825298,99.91706141897534,50.16277913204901,2784.7387198604515,20.255879099291057,50.532461610781596,3402.5680308218225,18.802772283505025,73.91746532862831,5.403505243041798,294.75468144315676,106.30550484658745,101.88178866002704,31.977752083653048,17.131259812405865,18.802915428720517,4.933707169919965,12.65956275417586,4.913188780339847,32.09755400885739,22.98399481185585,14.50723992881854,0.6556300255349133,10.883670140286293,6.236206964794077,8.257543339053067,4.095572798756258,0.01586110866104602,0.28310703962608014,0.15197704880118565,53.9695285621778,43.92167529246785,29.775,50.91286550728825,42.97701961876451,21.017780535811326,49.29851878050745,1.0,20.57873053064594,29.496136754604322,37.68743271780168,1.4526,28.266160748283408,7.402096703541931,221.2754
7,6720.443106550277,29.775,0.2442217267768015,3348.3386275535217,4065.859353217062,8.551569156635134,33.45880104882305,47.30010096291102,2835.6495579162906,53.02278253664768,122.98505085268425,0.19993778290409658,95.5087763486093,49.631493839523515,2741.3003082003193,22.929269678427822,47.71390015525628,3360.655790854739,21.142718664063654,71.1646336439772,27.882957631943164,288.766239472637,103.93114624334228,96.92062898164205,32.17713475722127,16.596641489556472,18.655796525273647,5.435099505827285,13.761202975767963,4.6385394619998825,32.64285336185836,23.39892616257223,13.84813918615339,0.688604230897763,12.663603733695542,6.016840634976373,7.407799694054463,3.651863459049319,-0.005180741335493741,0.36823519226263074,0.17088632763060288,53.77244972022968,44.56917065796398,29.775,57.774097706825216,48.67850909061981,24.05202108653701,55.898889876358815,1.0,24.24412398907308,33.64533842068006,42.624306616677984,6.7918,32.844496111396914,10.867108548692407,219.63569999999999
8,6758.445282276281,29.775,0.2475806359376871,3438.2261226554083,4164.274589098323,8.669612734067544,32.91610112228997,47.141936326739085,2764.180825040802,57.29236082197163,119.97310961786476,0.1932516372668208,89.72222136229692,50.47811810125446,2671.6068596638975,23.65109085989784,49.55195414017929,3280.910468322021,21.437162240104602,66.23087216163628,32.31202012329085,282.32951655853293,100.72964433202641,91.19617130925823,32.26402502117893,15.571769371026075,18.598015108207427,5.939031973382154,17.363436346018442,2.9704134926637353,32.57567836430253,22.158489818860513,13.783193934617648,1.2313958934287292,17.09677321961585,3.8614257236443827,6.375185423129468,3.082319813639875,0.021636327284836686,0.6308449889758819,0.14494851800131014,53.724996307667126,43.80121594419644,29.775,59.15615988378996,49.91076751501658,24.324289117223834,56.94149839549501,1.0,23.616208517704898,35.03818571602002,43.684843456199964,6.677899999999999,34.73760540745114,11.75089626026289,205.51040000000003
9,7009.71814198765,29.775,0.24268280239546405,3527.4776845869287,4279.826652114511,8.912899191915859,33.86508823790517,48.582465996416836,2842.8687224893342,52.95344350416516,119.70781749542714,0.1740590178295311,87.8419490039325,49.506170250505775,2748.18272560815,24.09612803392099,49.1801125477822,3372.2827802048587,22.055224313765144,65.48927897290952,48.57424248625433,288.280724456312,100.04351894239716,90.8523371464606,32.196229037326496,16.82600737020253,18.851931341795158,5.934722317261931,16.63340358758837,2.9147379521433954,32.88953817949856,24.0150996868826,13.829911034055815,1.1604544073713936,15.96524057232827,3.7954222744453006,5.885812670205624,2.8110750116922154,0.0035342744747384456,0.629540265079864,0.14407110231850484,53.897489388141516,44.29007085534714,29.775,60.73434211659729,51.171808949146396,23.8314853744682,58.472285431682245,1.0,20.477972935463615,35.91279879430419,44.84907733111657,9.8338,35.811923030377685,12.782837588892635,210.17760000000004
10,7620.198495318604,29.775,0.28167705183703484,3822.4351210852574,4625.34366332591,9.644636749558279,32.33974367061849,48.19109772375181,2808.6156021968636,50.017478086433314,122.23629420689318,0.19858910099750252,88.78019077292346,49.884031417475775,2713.4208378312,26.175106445438963,49.69539180819736,3338.087092660307,23.906127642247736,64.33201921554962,4.741574724152423,280.15863539464686,100.97187833884661,89.82039863225366,31.871910308539192,15.938715749916181,18.92370366932989,6.1588472711253415,16.571379221132105,3.773097207680749,32.556233180893486,23.5391471784401,13.038674568630611,0.8587661561467131,15.466420428146668,5.035913595109026,6.087612576562769,2.951698748776159,0.008223341912877016,0.6138504204659314,0.20555352960634893,54.28314457274617,44.169909476382216,29.775,65.85310201080686,55.34967307320004,27.74171272561869,63.236210044958696,1.0,23.71406028578169,38.86808574503739,48.569479762439265,0.97137,38.234206505820005,12.951624409185769,232.3835
11,6979.801595980114,29.775,0.2553307884246954,3555.712758445758,4310.585759386793,8.964625726296706,31.851020393665927,46.65031481531348,2723.8494590197092,59.316121215507664,121.44824826801671,0.20809502206034597,90.92768862014216,49.725566210389175,2631.675738679494,24.507966976065322,51.040421768211054,3236.897065511429,22.273955353158257,67.4713556079433,43.215937913525224,276.2195721878956,101.54607094027533,90.81689327019885,32.19317315281292,14.502474230768556,18.83197756594518,6.105972514157796,17.567659965341335,3.4434893576078514,32.81025064582633,21.054576566128866,13.232887692299041,1.1177062366929602,17.327603294944943,4.57225490426,6.667479139122852,3.2293922867549547,0.014770421356864247,0.6103348734367039,0.15427388065448203,53.625174480655275,43.301786515980325,29.775,61.169379451635585,51.56636515803457,25.126951987879064,58.77221534760993,1.0,25.787480762475855,36.26603051382168,45.06910521038618,9.3616,35.47406155785257,12.767424066373568,227.8044
12,6044.533463231558,29.775,0.22040210242582217,2997.1985033067695,3640.996395035796,7.608230800705838,32.764549775946236,45.169005199147946,2709.393150540304,60.04987467494154,121.58628919418895,0.17458357251275253,97.43921459167714,50.11777271506436,2619.456204090028,20.534928188670943,51.06624340129768,3210.5467539925626,18.984701494685876,73.87834430385692,49.637360440862366,282.94540678377524,104.37659911941621,97.83393377983322,31.819305699372354,15.494085359133297,18.929141579976843,5.265827983124261,15.270385891664452,3.97192727364405,31.999680660076773,21.206183613915478,14.16245009835608,0.8086827260496273,14.352138446768034,5.071717480158253,8.17777854564685,4.024254883268389,0.010489210764001613,0.3620740677342844,0.12401318427316979,53.87220230046453,44.67079914944685,29.775,51.70012615248186,43.53583918073049,21.650361384640355,49.84519667744177,1.0,22.283095079450675,30.16852348090788,38.18387508071269,13.397899999999998,29.4738560344056,7.668187567198714,248.98779999999996
13,6137.1173068161415,29.775,0.20588316192169992,3058.5628285430057,3710.4622857662216,7.747218394335052,33.401893302308864,46.16229852785649,2749.2868616637784,63.600942991303796,119.01900208079226,0.15138536188001098,92.67140884652927,51.33766361022466,2658.2849780467313,20.978101352418065,54.95668310115722,3257.0723971129605,19.264227710261263,68.31741180889085,18.387658165440076,285.1594653291988,101.72915518092044,94.41952901852743,31.715594263427345,15.82946133410141,18.54018549637076,5.542348416353901,17.20827722389227,2.7883361568823686,32.06706433552705,21.750544918743632,14.278182182112342,1.1334627971696007,17.124809407496908,3.556479797784113,6.993530034495075,3.445041141768919,0.014530632672890998,0.5431871080542517,0.1155233649013296,53.998637029247234,44.45085675188796,29.775,52.55568740569042,44.42181570795713,20.189366581927025,50.71507917519704,1.0,18.843927555609234,30.999581074663592,38.96922417908152,4.0845,30.780780204952986,9.624880094984736,249.75529999999998
14,6562.691045493464,29.775,0.2524395938538485,3259.853571166808,3984.760287870094,8.302186991880301,31.469453735929513,45.04652060494455,2735.63077300648,54.30849939072861,126.52744097697898,0.23225250621632781,102.08787505576404,49.70797572497639,2644.2137287251408,22.636194801707173,48.4264859010333,3245.4065120149617,20.715798935580995,76.46475786896944,32.20916278893777,277.5870258051269,107.75308195314283,100.30653560466678,32.16967785926989,13.882655228308272,18.772710484650236,5.405966108063349,12.671668011301893,6.6573659242725824,32.606359263773776,19.60149658715178,13.678571509188265,0.48757378868359497,10.884500109085185,8.842316465461312,9.15689809467243,4.576687712715453,0.002293065422463855,0.24324161565229058,0.17728586440259747,53.90943127278231,44.321355659566784,29.775,56.219302508756165,47.702283187226854,24.827112902258776,54.50270322524902,1.0,30.1052310594093,32.719553123179914,41.371329263048885,9.708299999999998,30.644252364593275,8.36103754967651,228.48830000000004
15,6385.476886478968,29.775,0.2266760748486913,3184.708440681291,3844.575413375923,8.05396966103309,33.73806328812274,46.84735654481354,2892.485972723932,55.305089628929956,125.40120151099458,0.19745529745907603,100.85466606668594,49.623553550910145,2797.308562575551,21.82225513333732,48.598241205569686,3422.2382073444883,20.138867688322552,74.99427541750396,17.212722679810874,291.58573674406455,107.20357135868153,101.9794288867868,31.966376628865255,16.52089828598987,18.474975929437413,5.0790419642666205,11.452041901283765,6.228164079536162,32.35877922261484,22.745256726807266,13.899292230887786,0.458090988063571,9.713089325321443,8.038993497431843,8.468371806084795,4.178208291869863,0.0018266640715136103,0.23569826421427828,0.18611040419900318,54.017576215163444,43.999479956137314,29.775,54.72148165443313,45.934162628481126,22.304740505278417,53.049364974378435,1.0,24.215872237944872,31.636916318866366,40.241640685018496,4.874699999999999,29.92719933337539,8.817261315681737,248.1989
16,6320.044920755521,29.775,0.24031694467678774,3163.26832018342,3838.558221706785,8.01362117289295,32.89929031191442,45.89074272603002,2820.5318806706537,61.144693667290724,125.77396164092121,0.21865801597429782,101.77381166096356,49.86800419860411,2727.2184771248967,21.811965605640097,48.03959764560151,3340.0877309514935,20.02531249236883,75.22208128364214,6.98872823953153,285.4206701578136,107.61935023454707,101.74592101715879,32.12946096644718,15.239901228473386,18.797357778343702,5.1591654613482865,12.150776395345627,6.2419224567543266,32.451090885642124,21.12246204750606,13.933851994432544,0.506364421424429,10.488178187180711,8.127420687936375,8.864299831941814,4.406979645333495,0.015844042202766157,0.2429040601297136,0.18625115883496973,53.84951101134412,43.902253594110334,29.775,54.52453791777013,45.927558214937754,23.68257868510414,52.73558577555572,1.0,27.636923808413464,31.58396327103953,40.11783651024918,2.0924000000000005,29.671166794502863,8.41499334176127,218.0821
17,6862.796807100873,29.775,0.2646233882703131,3455.87257287218,4196.3678592420965,8.732021307528408,31.21381484908256,45.53688217745391,2728.8893957775845,60.593435938994716,125.0789938561589,0.22681828273998414,97.93431055727379,49.481276387329686,2637.061809133798,23.937783671653158,49.394081202283175,3240.7170687228136,21.78973534551059,73.22613186489896,39.590878352218326,275.4435628984793,105.44784151918024,96.26888009273306,32.15003878556029,13.84051594605344,18.920097869592716,5.8088662683408865,14.502485401777628,5.516085343502583,32.714920574953865,20.043583937551926,13.482510373463517,0.7410144947710602,13.59540315589957,7.373573902272236,8.115955886531511,3.9944929855119744,-0.00173744064897332,0.3662635347197041,0.17989599756211466,53.57133383598703,44.01691213637488,29.775,59.41105863308918,50.287687547889824,26.08118753079582,57.36507586023614,1.0,29.02917227708865,34.845848339633996,43.7368851404317,10.325100000000003,33.0586217725827,11.31068058567611,220.07620000000003
18,6666.315299077795,29.775,0.23097860996207747,3357.842257994094,4084.3243612260476,8.519109490977307,32.34785530216489,46.28410182179172,2700.4372904906586,56.83168127605808,119.63502122352118,0.19268130685255166,90.40408476137173,49.750293246429614,2609.597624584782,23.09567326441899,50.35936286288827,3206.5924608585738,21.02132675627007,65.40592872091301,0.775955713236699,278.1968454849985,100.7691446790765,90.98127371274698,32.126842340333795,14.785239389260553,18.449453865831913,5.903899186345012,18.367571654222207,2.7801855986475443,32.49971274984186,20.94571679717545,13.57391021277185,1.2192761115191963,18.094110394184437,3.6375684485471735,6.582929875491233,3.216439704368927,0.015697197624225424,0.6556734722441832,0.13310654123974378,53.73316741344267,44.486409423595546,29.775,57.87596135227483,48.897852186478765,22.71071009197553,55.82500633092917,1.0,24.0568979636323,34.16530365821979,42.70912084164151,0.18194,34.060785600321594,11.92671432721799,244.62550000000002
19,6777.034106755606,29.775,0.24207015272221502,3419.2713829787667,4117.294859215897,8.621953947838874,33.14251545280188,47.223153333923605,2816.811123133914,53.597490981977785,123.11844834752728,0.2004042627429056,95.2939528771303,49.52424700066917,2722.8375225692744,23.27011044243466,48.20401193088968,3340.0378720614754,21.47686147442979,71.11437584669014,32.368309237211975,286.79053309190755,103.81509194522998,96.33381095800516,32.4173989872721,16.296390093835726,18.74629898915625,5.5599058658930165,13.970084510566977,4.618641024761211,32.71457521862974,22.91091998805925,13.748810914978526,0.7242882692284857,13.053006571116052,6.052898978526221,7.442656704120192,3.6531661398994815,0.005391246876079793,0.38096930870818557,0.17365827498896552,53.65749810828946,43.9050096033573,29.775,58.671795515203925,49.28786964397118,23.903522699044014,56.65469420165532,1.0,24.33909172628991,34.170544710163085,43.21305459077771,7.855199999999999,33.28460188399504,10.015098417985346,242.24499999999998
20,5839.00943864156,29.775,0.19714304772498767,2933.0893656798626,3547.4179430315353,7.42749786856678,34.917460310686394,47.06232472201229,2856.5475922293144,63.75514260151476,120.4426218433867,0.13929740613855318,96.04016539409777,50.59488302501816,2763.205190336166,19.95738256822975,52.48757077042835,3376.515944811522,18.506388957707806,71.81918012229721,25.171428474219265,295.86546199278683,103.69174555232988,98.8153398599276,31.52732081855637,17.569299453818605,19.069883396610074,4.998875130557885,14.221952884135934,3.596583588256395,31.815333826347604,23.48578896426478,14.923566241295784,0.8167090900554161,13.28547669355235,4.500113733046026,7.494025405246612,3.726037913810573,0.01533252204325784,0.3794465072743867,0.12800479085845812,53.51373127611491,43.86177479104183,29.775,50.50203988751049,42.4273543138426,19.335813256509805,48.69301665939456,1.0,16.724810495357737,29.334183938079754,37.353558893045296,6.343200000000001,28.93013981077484,8.081015799738708,242.97330000000002
21,6301.406523186235,29.775,0.22671794085135524,3163.5963926708173,3824.0466256312566,7.974094066085984,33.777170526749416,46.917260468708804,2802.009159137908,57.87548805786953,120.91699426262365,0.18000058950509404,94.61510181068229,49.55021593149921,2709.4119844559964,21.517803742876417,49.9612094955983,3318.849012038685,19.876660793964025,69.51270803949957,5.164531936775804,289.59697587513085,102.98745946840336,96.45932979033806,32.061547860794995,16.765070102167122,18.75754632724202,5.308903998166341,15.097022181273994,3.651076864973491,32.43907886785161,23.092692613300137,14.005352126436907,0.9433113389247605,14.27829160239123,4.703859493275056,7.313334836872047,3.62596148964697,0.012162525204421515,0.4354288886930962,0.13739453107292993,53.98396544569905,43.98146413326449,29.775,54.318788269118535,45.863662723746856,22.345030073323795,52.50088337426943,1.0,21.945984747040576,31.68747184377039,40.190215524399875,1.1265,31.31052161448387,9.291491086744335,234.132
22,6314.121294207577,29.775,0.23918966556324586,3122.775313765245,3797.934701133328,7.926272880195738,31.996277559373432,45.01089931026577,2722.304963607839,59.975700554376374,124.54871577748288,0.19751906474830755,100.66224313789779,49.46325813618794,2631.8748034620553,21.42455855765513,48.865841430448,3227.57029970131,19.785406822895474,75.33054782870636,27.939240145025252,280.32367004564674,106.59349655277602,99.81199811146257,31.97269371603743,14.663481163219164,18.711947880922335,5.366660762140825,13.522050717095093,5.439322283349849,32.496960416750895,20.382513761677348,13.572206101909734,0.5800653312586898,12.421227289572439,7.099435431580612,8.87460479179679,4.434263877922197,0.011335486656578138,0.29228121474738356,0.16438281262939702,54.4303483265586,44.30896758892718,29.775,53.70464356166288,45.48508778199003,23.529977514385735,51.99542801516991,1.0,25.405510396170225,31.23582136734924,39.615205439295046,8.268699999999999,29.824496387548162,8.180877129118311,230.69120000000004
23,6957.508895401616,29.775,0.2487323755638621,3494.5094254520036,4218.062246906303,8.867833924921985,33.68747378957275,48.13231856098666,2862.4575393357586,55.97108211473859,122.38577357141324,0.19921157405159168,92.89347266016321,49.38267282342561,2767.169680192831,23.91732400412407,49.095404825728586,3393.877984067089,21.939495078038306,69.13275976479842,33.83803835122549,289.04538059303485,102.73432246678473,94.86025094266819,32.08148482789269,16.683766685791387,18.79459705919829,5.573852762925563,14.48756853287764,4.167039141277795,32.81689505239435,23.67611019921223,13.895259717268036,0.7420955205136958,13.51100956094839,5.455269921374369,6.777093925691811,3.3337054457068476,0.03080388379463455,0.449269821261581,0.17913898129516317,54.11283992727142,43.85898441324289,29.775,60.08063264163127,50.53884769847601,24.451924219634783,58.02270034129301,1.0,23.748931154681657,35.17799108764357,44.323167716954806,7.629400000000001,34.42644966974713,10.870983320662182,202.5345
24,6657.482300272207,29.775,0.24406994390760964,3377.0357343596384,4066.6304325381448,8.52843274585307,33.39535840801492,47.43185539947978,2829.1192412590035,57.02656192863515,122.62834710472403,0.19142724031150998,94.73436938897466,49.6563668736857,2734.8036502206064,23.063258782125025,48.91925960905617,3353.4924215549327,21.2800493902234,71.5047501856066,52.24179137890009,287.9575826665438,103.52736740458352,96.14215609134563,32.37858830388039,16.38551909713272,18.97953262674298,5.542255100073547,14.477608450457689,4.390761682976649,32.37789943771111,23.042920405421885,13.876881712202632,0.6991153497812217,13.059259257267152,5.706396006876213,7.302176098245317,3.5540299796035284,0.0021306090018349197,0.3980247445536575,0.16088953123425098,53.33683676082571,43.312371282324435,29.775,58.167448034218886,48.67274857994513,23.935157964540462,55.980178030709354,1.0,23.26258796162865,33.92281286106378,42.77994697289243,12.857099999999999,33.10243377753492,10.306368621446197,206.7185
25,7238.953325516153,29.775,0.2543689879970068,3636.592165000979,4427.987059769863,9.244866821719885,33.90715234342781,48.96014478926317,2850.044107555058,51.432233931567865,119.47143823924401,0.19918746979082633,85.82644611047711,49.61214550678511,2754.557703083222,24.883240543255518,49.00241381771998,3382.768479485764,22.84643202817137,64.09079103903431,59.743512853511774,287.1005634021391,99.2885160350879,89.1184741024241,32.32517149082,16.74720664038822,18.750643706079643,6.022729432583522,17.11811998817688,2.7150836766186983,32.49750065160625,24.1404969397704,13.487093146612228,1.170745282696418,16.601966505363162,3.554676024190897,5.4493331344917095,2.6443021893616154,0.015017835390726191,0.7224460491856496,0.14992401106664774,54.11358392468486,43.799096832917144,29.775,62.61559972347449,52.98279315009607,25.049657339778072,60.33402619895865,1.0,23.105463671095624,37.30897200377486,46.35727915030841,11.744600000000002,37.27129529587903,13.30416142976679,222.9676
26,5783.300096047342,29.775,0.21351816545717822,2833.226771727261,3460.7546015391754,7.2091056403777625,32.64454871016246,44.391430747781484,2717.467580552792,60.617712025557935,124.76045098909103,0.17555707215808977,103.61731302825578,50.30637351470806,2627.9199719065564,19.607032117150823,50.501909736463105,3216.9874353111686,18.122582778247043,78.74100293966274,44.69977219731753,283.61260492904205,108.24225313433165,103.25886329807948,31.989054767249804,14.865018617735094,19.13474920377675,4.8759214703782146,12.452844338707777,5.652448479199238,32.32593002891052,19.99581345705098,14.58461493006734,0.5633324207538456,10.911361875759905,7.242303502419247,9.685160945590571,4.852972449300052,-0.0037605406718947314,0.21117790096587993,0.1396906049424525,53.97928578037751,44.850949369044244,29.775,48.90068322501967,41.36204728143066,21.011965673437835,47.28385264737168,1.0,22.97565933570047,28.349047796789296,36.047592215056184,14.8319,26.787597622827054,6.180587521235344,231.57620000000003
27,7460.208758825137,29.775,0.26359335724248745,3773.1065850305226,4554.854499272883,9.531969307184557,33.00692527946189,48.572713361939655,2862.9295298542356,52.48887028575641,122.5589357865149,0.19633742658709294,89.62080599007666,50.10710127087856,2766.741918799149,25.849133275593005,49.12008538679474,3399.3868021751305,23.621079751143334,67.06343040097013,55.87600399353691,284.62999862396157,101.55838899105865,91.38043282517438,32.25485476847032,16.536146405491042,18.90777759017165,5.980786598201736,15.23284388295346,4.0779585539410865,32.6397952087709,24.140966818682802,13.157400648462513,0.8274223020129584,14.552084224221309,5.41038498078112,6.1343854450035495,3.0096417201413095,0.00649055321043691,0.5362633240095928,0.18778190808395726,53.86473669403729,43.636564431803514,29.775,64.82689313234026,54.632806636633156,25.871840036299993,62.460093155050174,1.0,23.11333072782613,38.31666755892791,47.872530926009524,12.021,37.418206762540265,13.370792658933567,245.74349999999998
28,7383.045682927033,29.775,0.2663514635260672,3834.587936067402,4652.474513009209,9.608692767758697,31.424621480438894,47.5325660727283,2716.197246427184,54.316568739853075,119.23766798362416,0.23970431842517764,83.02150347500194,50.168269346675864,2623.334220195863,26.74054689719238,49.71837253760317,3233.719357390646,23.761024211120493,60.76324729981669,62.91114935290442,269.9912738474919,98.28641538095226,83.535097803936,32.21123023102438,13.900874784011659,18.675156622163627,6.614659329177473,20.742769624000523,2.2506780996336397,33.049255621477094,20.83291937818954,12.798640423345374,1.569040259638955,21.13795251626409,2.9997985388909427,5.180903560167448,2.44152592414171,0.016635013219689375,1.072764511229139,0.1504363603723249,53.39001417634397,42.99503814313077,29.775,65.89239564835435,55.66285414924596,26.192068246874847,63.03902581449179,1.0,29.29996786960079,40.07561587335088,48.59473121168152,11.2979,39.28034879578953,16.99068338166326,221.8085
29,5980.55425560441,29.775,0.22752523052376375,2969.9668771159345,3604.6450663979326,7.56818570187568,32.42390019540928,44.698819342261466,2769.161936143005,57.49444293307482,126.4243115066688,0.21236301197282853,104.65935842571255,50.695555285116214,2677.664128889709,20.6092095187446,49.76337524594022,3277.928425605759,18.85741236517234,78.98541071508279,37.35500926400846,283.0898199040081,109.25288972903566,103.98814759656618,31.93810833015103,14.610730904964925,18.86029966254623,5.016762433508356,11.200858953636189,6.741725494415457,32.17010631277132,20.054969950580265,14.23008744211607,0.3594434354498183,9.519041247434275,8.745498114529237,9.732164057656092,4.878364559950741,0.005105680441720972,0.20045310332327207,0.17426720672834667,54.19168388732369,44.09278781298791,29.775,51.09712373504904,43.02441474030981,22.39385236806637,49.416678790808554,1.0,27.355693314042043,29.58134811337638,37.54687384923982,12.516000000000002,27.442038424106528,7.114102540583072,209.78670000000002
30,6215.024893747011,29.775,0.2396115626677795,3108.105893839747,3747.1912646025135,7.8729878418459425,32.4346972565002,45.46267405069591,2783.3482906803465,62.59863180032829,125.51210205278217,0.18676218642515696,102.05329947018416,50.57406231144179,2690.850110814573,21.494786080543854,50.09005626424245,3296.3978714225,19.627177445834075,76.36827047188942,27.221593567017784,283.4400071433019,107.67167149173797,101.66062132727527,32.158845067564215,14.912698108226987,18.851774979926827,5.200338624320487,12.818511364184783,6.059966283803724,32.42159193040983,20.793350199590805,13.877039937692876,0.5101156009303724,10.93591566906475,7.89429667551039,9.015307486046328,4.467029037239023,0.012685747452784474,0.25000289361879824,0.16692986564676546,53.460999936154124,44.62085704022557,29.775,53.48055116718764,44.85267520284223,23.589170747593815,51.51876745944442,1.0,23.796499435632256,30.999155188364842,39.267882369579176,8.0628,29.10962802678742,7.78428515806889,203.42360000000002
31,6219.508741125897,29.775,0.24810274833519713,3140.6777130147652,3798.7629333776013,7.9908793895759285,32.25633391866282,45.17994652073823,2784.7873532029453,50.6175773049673,126.88745044716995,0.2172517299250377,103.65822937884259,49.52530840916283,2692.569296001026,21.787844829983197,48.345970306107816,3299.0169531902284,19.843278657699138,77.42004399581633,22.10032069935111,282.1884869200763,108.77775919822211,102.68433377244727,32.37182309480221,14.612775336707518,18.889076823027278,5.160181882393086,11.149004846373803,7.1077732201065755,32.70541283922963,20.411506500621364,13.961624935395278,0.3780410859367096,9.237565758487687,9.343351960706498,9.388099083134918,4.707537217077053,0.021623893349366024,0.20517197880761567,0.20303574799984014,53.042771466727665,44.2425938054987,29.775,54.18042712253547,45.51008355162842,24.34882164377024,52.307802428469856,1.0,27.876153378147034,31.33509632677975,39.75581287224312,7.0846,29.119906725063153,8.84556486793165,216.8567
32,5809.132078862876,29.775,0.2165569858971233,2900.2819428669163,3516.93608800263,7.363820155366601,32.542820841548796,44.504230149600374,2744.9776213812006,60.47137788450017,125.62020756663142,0.17624888080253762,104.28060813419268,50.47851574861578,2654.6577543967737,20.01917168312919,50.069416692846254,3249.393498477447,18.418413994441448,78.89934055436149,39.37258612674968,283.89476815867727,108.79551217877356,103.82853972428461,32.153630619308295,14.661531970674563,18.73508267724272,4.941463815426789,11.68388654025441,6.18341718575422,32.50142693494274,19.982619194601906,14.447367659454017,0.4029981812475474,10.147357535154446,7.935058021427956,9.752245780909444,4.833308888822438,0.010366806086711722,0.19634538983210476,0.15934487963345517,53.743603335333866,43.820154587660895,29.775,50.02500449788086,41.90044503417545,21.280568030283643,48.26910354594511,1.0,22.87408396037963,28.859427359699993,36.70335508010344,13.1898,27.10813941701658,6.937866128433688,210.88600000000002
33,6605.786164264276,29.775,0.24597000579339193,3276.5179558440514,3979.369991947059,8.295702677392313,32.68524723598763,46.19328009433592,2779.2246859501674,58.87382088610635,123.91258237314094,0.19816125206208376,97.9743144437984,49.919467134312924,2686.57964021234,22.456703299724104,48.48095982431418,3294.9087782444476,20.669827726432338,72.82489381968301,21.722479149964652,283.8131586518189,105.22780582222242,98.07856815088061,32.02763103126874,15.3442076644855,18.93791327500596,5.400744798188607,13.859245080066325,5.067878285455286,32.55735626268879,21.738072976515117,13.681596352058312,0.6307264162459589,12.659148778045722,6.623299273704073,8.0881636976367,4.037241775408785,0.008792041523168084,0.3280608994158746,0.17385724580787548,54.126487658708996,44.78153613338763,29.775,56.37264885301064,47.59773161341046,24.1789579197815,54.5008212249006,1.0,24.881446973282944,32.831695015441824,41.52436190576167,5.7814,31.593249610406115,8.498498991132154,243.6672
34,5776.528425938411,29.775,0.21713872399926198,2879.4555742324956,3487.9751410040967,7.310847322874484,32.51771186947549,44.415897166367614,2777.0761215415446,59.463508554421786,126.84265581231921,0.19554799550570814,106.0336691275576,50.36322039775488,2685.874128858225,19.976162391948463,49.12803240830259,3285.4247366334394,18.30109018698353,79.96938762338101,34.48664017577168,284.36029686054314,110.11588422198024,105.49856465507207,32.06410239824784,14.462203408921429,18.865042681718943,4.822949429631012,10.946878288656713,7.007109307191113,32.43938167747753,19.603082642120146,14.46027117483053,0.42935816963652884,8.994838614140805,8.973265079423513,10.110653747121585,5.0253709446197705,0.003575893293153732,0.17051242487274781,0.16596077534191064,54.040347035810285,43.67961530920243,29.775,49.53639340124277,41.7847422697683,21.36908119934734,47.958391545844705,1.0,25.486381368152255,28.644489401469333,36.40020065863036,11.964,26.412198827819914,7.37085181078003,213.7494
35,7339.807582526836,29.775,0.2795285894124162,3727.792066805824,4511.072764570557,9.431125322407278,32.06909746049439,47.33838253557228,2844.666104533487,54.57356058604247,126.19590043468168,0.2416442505623669,96.4376284832645,49.73684006244939,2749.1605151889444,25.67708391779173,48.920427497248994,3377.7421202086466,23.355071314110837,70.77874977683454,9.457752908595406,279.9359296974375,105.24524482506641,95.84221431548858,32.37478067909216,14.924971858766806,18.85750551181318,5.861645623790856,13.52436203630985,6.304573319761903,32.69678508343586,21.943110983272994,13.094296628145543,0.6043745177709485,11.875639163031774,8.478673462176877,7.514429747396119,3.719622221945181,-0.00011884061632853665,0.35497543069708926,0.23969042678238864,53.380314861694444,43.96972069792106,29.775,64.06654136648369,53.84831075338063,27.510444751613385,61.742575368879656,1.0,29.6783214094065,37.51442088808718,47.12599105803306,2.3734,35.38972142709167,11.656074258822091,206.56509999999997
36,7095.976221293698,29.775,0.26101971717773237,3588.4750706734717,4348.7682175362515,9.0373543720013,32.91266918055503,47.73139586038626,2791.6903245003114,51.76873220488699,120.7764493142824,0.19492047341009816,89.13502358631794,49.83097112101476,2697.8155048885565,24.567661383626135,49.06742377999709,3314.925083970481,22.4142003325886,67.04514348530022,62.87950018700185,282.81883753036476,100.74141326367524,90.76837864326399,32.129835617962186,16.0312364097514,19.049490552496163,5.96720471582226,16.41490701881825,3.3005014714852074,32.6440898559198,22.982324791017128,13.521478371564971,1.039046493101162,16.056719476240232,4.334161421722882,6.22615497093764,2.9972509484800836,0.008448313645721127,0.5930262360824947,0.1589830399961451,53.89985775025067,43.954731084545216,29.775,61.60707930782763,52.12264479616192,25.70053714729452,59.3843229783669,1.0,23.46344640940808,36.50230837941867,45.549836462257474,13.565300000000002,36.13797643095198,12.021305285137355,235.23719999999997
37,5803.248720041242,29.775,0.1857325746751303,2869.0498197563675,3480.9187287379636,7.288317523837533,36.03942914576008,47.88137147581275,2894.2281698582433,53.39989749193089,119.37675643814907,0.13787695561400864,95.08122774544958,49.67571905406275,2800.3382233608695,19.424781825993826,50.45934180154287,3418.6626654203565,18.256715246578548,70.94643617320126,19.0910852069939,302.1892060775428,102.9270516424386,98.85915012493686,31.803795999879856,18.936205952452973,18.90872757174916,4.876946745184161,13.318597089829264,3.354070809477149,32.037605319340784,25.0498580060225,14.97591668436829,0.8888302111472344,12.123384277152244,4.156800837591701,7.24340288148191,3.6009609440249273,0.007528691954709227,0.35659694755585836,0.12107395264113699,54.111369789367146,43.859843139360336,29.775,49.60035457397429,41.755598179346826,18.26539389958739,47.9626459480985,1.0,16.190440408473666,28.643436361361335,36.74026190288259,4.3778999999999995,28.78411319806486,9.094706115453992,229.74920000000003
38,7233.538922075363,29.775,0.27100723750350186,3587.4124502316618,4384.28508900288,9.097728897375044,31.771318386806968,46.59137596350522,2765.1979467381843,58.796004608586145,123.9770591664291,0.2141060595612571,94.3129269632662,50.30179648146366,2672.0771574736054,25.02599079166775,49.74915460855466,3284.948530264281,22.716920372137388,70.45519050805828,46.332779605044244,277.0301796941601,103.68295131525636,93.58281622037997,32.02078184953749,14.730750230771616,18.783009333614007,5.929103180624301,15.698039888651076,4.874314274033699,32.534712600515604,21.475468699178936,13.007479196772607,0.7522220608296097,14.802621944162647,6.472106746003407,7.244232044959953,3.5623678826762655,-0.00014280431239067378,0.44031771376555984,0.19554276631682005,54.475311886967155,43.9260993920515,29.775,61.876469358286315,52.555148380572724,26.668208335080113,59.792696197740625,1.0,26.605305826084656,36.614157184980535,45.72962928709707,11.1112,35.10824319093988,11.731316118713433,239.14600000000002
39,6967.8068305748875,29.775,0.26096641819614946,3528.9199050499983,4287.648118038352,8.962355963428935,32.423475938538836,47.06944210800645,2790.2266431712997,58.79808558032079,123.71663951640747,0.20365072214302232,94.88264951254395,49.43661877083,2696.6150191233414,24.252315952551267,49.60199536185254,3312.110857879078,22.141430638344737,69.91061412393658,16.38803608810111,281.75090815731414,103.78084806739358,94.95703941538771,32.50232846787279,15.113919860719609,18.737980410279675,5.82896635093752,14.968347141493663,4.752110185360414,33.120535748142856,21.9411307342692,13.27970307383418,0.6870695249817366,14.004261275128096,6.2765698206493585,7.3407616483480895,3.621495175684685,0.013905770067401582,0.4244486141426228,0.1804660238318663,53.54611451273556,43.765882244899686,29.775,60.695671255991826,51.26354379502575,25.69671392443737,58.57349657267455,1.0,24.917682172033295,35.60073880849443,44.77845391950564,3.851,34.38770619936599,10.289340893647452,214.1948
40,7318.1659829573755,29.775,0.2587420531783139,3742.516100213413,4495.901605249872,9.372230761891663,33.41358584059076,48.87447793159198,2865.669448456957,58.19003484985666,121.1487884510532,0.20621732334041404,87.69536247436325,50.12120141878442,2769.5880613868226,25.541464152002227,49.65124057755299,3401.6992434127096,23.249828085240342,63.82236103746125,17.258992900778658,285.137441948359,100.49201780251963,90.18638598465863,32.39560083085571,16.538368956976598,19.00652814154968,6.054280048597113,16.689353508024162,3.278210202470054,32.637186716230296,24.056009011256823,13.140480954121193,1.0310729751863619,16.046544764932964,4.289291666798958,5.7837447411471805,2.8004630876394465,0.008021627021870077,0.6826619734616967,0.17250047791689974,53.760480261857666,43.51258529999454,29.775,64.17258577403501,53.94104837605521,25.50487719564581,61.63547731572315,1.0,24.126400142398218,38.00084414759294,47.353037158209204,3.2227000000000006,37.44216245397677,13.858602076206216,204.98509999999996
41,6051.663075812719,29.775,0.22880930401827318,2998.782422408082,3644.667619258407,7.601445100132631,33.29731282318393,45.63822553607217,2852.0772629723274,64.59628022469485,125.82407510044368,0.1810263672515279,103.14350188898166,50.50927784524631,2758.6087724609642,20.75014775185961,49.148140445065245,3373.0808177343374,19.122372963458453,76.30675986694264,4.992141166668384,288.03050451929073,108.52471258070952,103.63131976385314,31.848245091002024,15.75673627691717,18.906061799941416,4.94516207984763,11.783037249648483,6.3875639892962885,32.10973362989731,21.434141412672084,14.382655302941611,0.4225086646073941,9.909076840110526,8.181940453066582,9.095892663556363,4.54411356713767,0.008113983629763413,0.22448119574043734,0.17268770701863864,53.72123477936596,44.178269655684936,29.775,51.75430061889007,43.54274067327901,22.507048886650885,49.94120172981738,1.0,22.866495093981527,29.950751212691937,38.15154458063468,1.5330999999999997,27.959757360979307,7.038827607115491,211.99499999999998
42,7259.821839835821,29.775,0.276997783087265,3648.3640769205913,4436.018615044371,9.24720258838425,31.266983595047453,46.4310997110111,2750.513015165824,56.51238646187117,124.6568193030349,0.22200772460672352,94.94277702594599,50.408674182908115,2657.457941618769,25.369283815740662,49.47124341722535,3269.1298119905937,22.883765120752262,71.08769127758583,50.01847712940301,274.9066695746579,104.07099003916917,93.47048013453318,32.123303852620154,14.366479913653313,18.76190014426586,6.01479802713885,15.15332393924263,5.264821679529791,32.93296993925183,21.07501624921335,12.969634824365386,0.7194004267846112,14.271610107727184,7.070297412604193,7.394533028661445,3.6389826831569776,0.004780079255086039,0.4306574455591564,0.2038356656503319,53.808702805313544,44.44264430433232,29.775,62.69005738715767,53.15727819153668,27.18904446503811,60.52481269424868,1.0,27.701646271978312,37.05861467582315,46.26591364805261,12.283100000000001,35.388328914281416,11.71473074891189,232.79010000000002
43,7448.557062671966,29.775,0.2629022203079546,3765.56587189134,4562.571401283289,9.534252438970844,33.03644549293798,48.497546189414365,2885.1314182250867,64.06839691130615,122.80998053210094,0.2038337406605657,89.75806152426846,50.2782108607716,2788.1647497090485,26.005999599730863,49.84311345292558,3425.0123360757325,23.5330159588545,65.18036520704953,9.629530862132162,283.6967982790042,101.84533954960762,91.48690763128702,32.039873372877004,16.084001648862046,18.7607263442104,6.0836622593998495,16.10990402913682,4.022616548072034,32.70377165629388,23.51068775950527,13.192505020104022,0.7947750887178355,15.578502563886534,5.3015259984494225,6.09559953448585,2.9515114170251935,0.011622651226786273,0.6033258464648062,0.2071840352621923,53.75577114652738,44.123352109745326,29.775,64.92267506804319,54.64172183452266,25.91541021024487,62.45381698866206,1.0,24.23771465669811,38.46531200698496,47.92571281291974,1.9737000000000002,37.19384738193886,13.96557365526522,207.6529
44,7311.009822749765,29.775,0.27241187932209887,3684.2134903477063,4476.158443568972,9.33886154790312,32.28760489927089,47.47068806024788,2760.9951036913435,49.84456075952415,121.92178341915323,0.2116235361737724,90.17637403635057,49.485942847934595,2667.697054028628,25.300494453161456,49.40288609865591,3281.758673478792,23.04820217996617,66.34090593136105,26.147494297368127,279.51941299726053,101.29448998662075,90.69321249251689,32.315784719894005,15.381734858957037,18.62224486473165,6.072403946591609,16.4598555853212,3.736163986720899,32.98697290290552,22.573201128676963,12.83434912073163,0.9822364937583241,15.856817046480174,4.968358201378932,6.453320392703695,3.1149265901582703,0.01313674721734893,0.5804069533908888,0.1609645862682989,53.812120348931344,44.34145447105671,29.775,63.3939173182599,53.6335680451506,26.790275666278756,61.103328845747875,1.0,25.783577322154333,37.48118653982219,46.82801108563723,5.464,36.934396122311476,12.247240392132891,200.57470000000004
45,6907.485791910489,29.775,0.27269344067891665,3428.035633679625,4180.82205149616,8.701024296861522,31.899828312534254,46.2180941331056,2796.581154368191,61.41015846420265,125.94520688623572,0.2068338118414919,99.23848482399441,49.99516792651501,2703.10682066957,23.760580180785258,49.16441478170259,3317.787117734377,21.71061841103937,73.5366697976367,19.641732378711254,279.67551928948075,106.40282081591397,98.25343820079942,32.13782013526951,14.458249984771863,18.990677088535357,5.660500864956593,13.51144094571975,6.15291068980874,32.780608005922716,20.6777127642553,13.422922464927618,0.619360682122044,12.249396591599444,8.205707474310474,8.214177749538434,4.079793879617808,0.012318323180241012,0.3002369221614864,0.20225972783375834,54.156398659147655,44.251958500241344,29.775,59.01612493056943,49.9880998471322,26.831002109048324,57.00358416318015,1.0,26.07533073233368,34.53147477757477,43.47651926509259,5.2447,32.445101652486144,9.368806091566466,215.7371
46,7353.305781031871,29.775,0.27332188960692877,3737.699261603677,4555.092556483486,9.439238786485914,30.981111566772086,46.352778565771,2740.9221339729806,62.87748085559117,124.45972497741532,0.2459932895774946,93.51484237028276,50.61307598667931,2647.949361878241,26.126508510657562,49.012333089243896,3260.138847501602,23.416431884269496,69.51600394559134,46.92677176461535,271.9472933232962,103.46418792686002,91.7313394930151,32.37392469625191,13.641539651287511,18.708127620402998,6.172323221229013,16.50736856746503,4.878991583538562,33.10382021721623,20.37763784084732,12.718485594645264,0.8899783748674421,15.947617258200875,6.621946274874148,7.100126204889392,3.4495320749063993,0.011819482914516996,0.5078149886312207,0.19420165107136927,53.660980057839346,43.63357347786369,29.775,64.31530708172804,54.56082630271784,26.850433181230578,62.00743423527348,1.0,30.873718046200356,38.23975986160991,47.43909516988557,10.9016,36.4090625003161,12.898354148905758,236.0994
47,6107.752959406804,29.775,0.22991320422050684,3025.4224418542453,3650.5319661170665,7.688037453838237,33.509340976636494,45.99879494996445,2871.1672928617554,51.383044991453154,126.29389106390602,0.17252397617427004,103.62337657912512,49.57437129488159,2777.0789725681966,20.924832970120104,48.32418034961297,3395.2440686934547,19.25863130202604,77.41667894529405,20.272819038214344,290.3099076082999,108.84930721909302,104.21054636206631,32.02419752718793,16.006897873828507,18.70098926522227,4.9243696823196546,10.312360355449936,6.9045417342471564,32.20698287113364,21.891033467295507,14.006718474157728,0.3590434290476921,8.570495220986267,8.8747970139488,9.187316379879999,4.50567821479043,-0.001771058408675195,0.18553855012202272,0.17901895609819746,53.79291575989107,44.22391191006592,29.775,52.10006691709216,43.7267567093037,22.58684280779744,50.365491527722135,1.0,21.642939536817423,30.061236772937814,38.32900042510033,6.2046,28.04587955759784,6.631457908040505,226.6304
48,6459.7977116917655,29.775,0.23848736526917583,3240.3707089948593,3934.1824033030994,8.242039815604283,32.81861629093512,46.31925197694511,2799.693807865807,57.01285382608914,124.17063098713467,0.20895362106898072,98.58520825932327,49.96542382288699,2706.6963687091256,22.27900655278729,47.99568314579605,3317.9167172985326,20.489149744328756,73.86547478629032,33.91747382630662,285.40936725894096,105.6098720323054,98.88794519125585,31.976570441133752,15.671447039358913,18.788617622516572,5.382805953534248,13.488363367056749,5.286742052417141,32.621074159736565,22.008236385740833,13.738939806007613,0.5894183923573465,11.934006205574029,6.87862004912004,8.167170496453362,4.05911463762876,0.008050057271229682,0.3149977405405733,0.1706072431563407,53.662971305904954,43.92337979325011,29.775,55.878149819569,47.1404907141622,23.460426850573064,54.13358266239517,1.0,25.900081653580365,32.52394539629297,41.181845887662135,9.1566,31.21200625572618,9.349974008991051,240.7923
49,7320.7013491010175,29.775,0.26753274936723886,3682.9760229037392,4475.963306239961,9.317771325767344,32.60046745411173,47.865650091705284,2833.163152102158,52.306262951256045,123.46408745236076,0.2019715249162252,92.3434998308914,50.337357013474,2737.8351447263713,25.229095185328113,49.67717844233145,3363.880528477142,23.14096026225169,67.73407568230041,13.263100356818489,282.8635648030128,102.80735292860791,93.16617791624641,32.17585587045436,16.11175387426197,18.82846832263447,5.922314711262251,14.962051199757596,4.611682680751396,32.59557026534399,23.488081767226298,13.074324426541263,0.7673478532598093,13.815479194680993,6.132949543410436,6.762796277119584,3.250790003701801,-0.0018034247720474042,0.4554240389860591,0.2068693376093919,53.63022080610948,44.15825129949688,29.775,63.353740165587226,53.506555368548376,26.29195610869865,61.08677335296271,1.0,24.31983377768273,37.2622298513043,46.79552249368609,2.9752,36.161566012709955,11.788258979592243,224.22930000000002
50,7143.220772070063,29.775,0.2720148391390972,3579.8683158280787,4353.232182876389,9.054224921174313,31.69639515353873,46.46758573800646,2728.573711201322,50.67532924466436,123.55599865306192,0.214594813037101,94.30200565733227,49.87148859850426,2636.3796841877665,24.620345024838066,48.92734840420411,3242.404055077114,22.492762696765833,68.86924313010272,1.6904994421231467,276.9605026656179,103.320833598526,93.37726782026702,32.55594565879149,14.798008843228747,18.956800675031985,5.906165115382532,15.263225201574807,4.634520010438085,32.75282570905199,21.56263774487103,12.960909589295133,0.7537170508607037,14.727293644834571,6.183410319642478,7.352391006750798,3.633791018582908,0.002129059683853754,0.44214149460497687,0.18955054834038781,53.7282170698921,44.606828939318305,29.775,61.665923068167295,52.14076639297023,26.803059946255324,59.40700124397912,1.0,26.940531576429606,36.14873248614847,45.49992371774572,0.33938000000000007,35.12668484278564,11.329373786723643,234.35039999999998
51,6953.45475795945,29.775,0.2658243214261652,3464.0115861255936,4218.443580250432,8.787732746803915,31.577843070921688,45.897245068863995,2736.3095277825637,53.31966802645163,125.15911313811827,0.21589080779298234,98.07502045839381,49.50603908190704,2644.08067614053,23.871653633521202,49.39702093884628,3249.0883509139558,21.839453800212585,71.95413181188536,3.1641866847794824,277.20905801899585,105.44243407837828,96.62263072699201,32.20420124922375,14.34149640149631,18.833112735543178,5.772593799248324,14.075344051759696,5.668183986716445,32.669373522175434,20.764192580581046,13.31075416705078,0.522081512627043,12.562225825521521,7.568843594580896,8.141983355455565,4.028294223822883,0.015976045804988813,0.33700591874448915,0.19366292330635462,54.25647052758317,44.2358839601835,29.775,59.56922868624506,50.5556916936575,26.139136013661147,57.63938665080692,1.0,27.402816976001986,34.82283700047962,43.92978902504402,0.6342999999999999,33.21310125662641,9.843527510008386,236.78540000000004
52,7617.866450881236,29.775,0.2893268721352568,3804.8062869223295,4657.411758526551,9.630669425185046,30.420483911153127,46.25060524213685,2705.047379305683,51.48801028028463,124.94754339009073,0.23827040135731883,93.70145011692243,49.99984451652176,2612.582835460044,26.525255121853927,49.959685464066915,3220.103382296148,23.962762987957078,69.3776720458008,37.82695846561882,268.7162969715259,103.50700101057384,90.90300066696457,32.37948118990204,13.57875355607256,18.707662495632544,6.268988448963547,16.070573945403833,5.317472724325991,32.91983691138103,20.596308896074834,12.703226892469328,0.7282717932615104,15.26116741605695,7.276064591547734,7.219692806666667,3.566322200778488,0.0011137302790894363,0.4710495075471218,0.22095187797776195,54.46923211178819,43.86179310306381,29.775,65.52852338952947,55.79466456480414,28.47495423767929,63.253051205604436,1.0,30.140716626671452,38.90303545319173,48.452615918739966,8.645799999999998,37.135630725113096,12.801215961783948,225.4351
53,6197.495994061371,29.775,0.2207579173199162,3067.3936449042076,3721.7514900410106,7.79383068549617,34.77451189740097,47.51754188436476,2874.9331788123263,63.69668049960701,120.30453397947065,0.1696243089494225,94.18744780318085,49.6640594340246,2780.889922740692,20.920150075088078,51.1148246920316,3400.3142391235997,19.40672326836839,70.68757739135137,36.667792673095086,295.12269847137594,102.90547041931138,97.16862491928183,31.69563852237534,17.549769308104764,18.705069415387754,5.172068261206879,14.895420904781611,3.476052660984603,32.09287813275956,23.93847911893422,14.33699912490889,0.9580926093149319,13.870411349941449,4.393278460191719,7.069209238139346,3.4613211797158123,-0.000733663086405828,0.436394390955391,0.13255029796422724,54.53815795312043,44.026377804994965,29.775,52.69858401437834,44.58620840344378,21.706935616683158,50.94517890333256,1.0,20.243180954797207,30.866499722756437,39.11514699787766,8.828599999999998,30.420102959878314,8.1536785792023,223.85039999999998
54,7056.360636805536,29.775,0.2550605150480966,3586.414644702025,4350.180640012402,9.00807677416348,32.27526917806556,47.256437182077455,2752.1384384661965,63.18792523365081,120.15824769463481,0.210612307577306,88.14323558986004,50.531332238870405,2659.2426521432526,24.80478741677031,50.231343304203804,3270.1403849565236,22.344210519852684,63.76121851165841,14.10974465835601,277.15223807816204,100.28799883478536,89.06442026270263,32.20283544233976,14.428299646937486,18.886304606830926,6.246200851536343,18.879404046148025,2.7629189028256,32.622046981915005,20.93366816799689,13.267271384952128,1.26599422743167,18.888414001790288,3.6633613950530934,6.066391513808584,2.923271752197144,0.02535411504823636,0.770575392398408,0.14984473078224358,53.62377574786423,44.26021468380834,29.775,61.67792336293995,52.01714312478735,25.07012798713368,59.162628993055776,1.0,25.844665151124577,36.79674105076919,45.43601402631646,2.6161,36.14825823040282,14.102965570687392,216.39299999999997
55,6140.385263334328,29.775,0.2228425195476753,3068.408271844512,3713.718861543897,7.792418326565981,34.10463377909355,46.760230061159504,2825.801187992194,59.241934259375356,121.28917550880153,0.1711132939102206,95.92579131689516,49.638830074179126,2732.5889471467326,20.96489096719217,50.41634353184923,3344.105074672497,19.426086740246966,72.2510534534978,39.69754801272944,291.7893366452867,103.75208275801035,97.96269274910813,31.844645051823512,16.901330120585754,18.615607928441097,5.209371126043804,14.12632263102643,3.9286031232433998,32.205670031906585,23.243949721011496,14.384491133960143,0.7793821152318696,13.379021817410049,4.977898711343791,7.500478574329497,3.6958806720212287,-0.00843655726686182,0.3729275649490063,0.13342708174088092,53.552831182679675,44.14952878564408,29.775,52.92823190288201,44.443507092006584,21.898125152720397,51.1282991686433,1.0,20.829499508247736,30.80075929354478,39.0884397459183,10.178,30.25982111962727,8.662317044560481,237.80589999999998
56,6413.325846659709,29.775,0.22814202335375316,3210.1283263234536,3869.3966113831193,8.114245207491566,34.467615863020605,47.786354964719955,2877.796765172587,55.49242850800933,121.97239692452736,0.18045527866365704,95.53096021366977,49.297761889048836,2782.8599368201185,21.776938519540373,49.315101533010484,3405.755895383079,20.18337321286469,71.14767411523675,22.5532613045237,294.86586302366027,103.75453974732659,97.990365801551,32.199887448029145,17.63304175078136,18.746724387616442,5.173814915269941,13.551633650935955,4.228940527920031,32.66447830062633,24.18387529734968,13.46278349357235,0.7376270941259666,12.087938607887086,5.4707497416765865,7.351707797106924,3.6182052559773625,0.00664144503483243,0.34943650922348,0.14822836016680857,53.72422514569955,44.49690336360475,29.775,55.23167038070898,46.30539067089507,22.431186963559966,53.31893084706204,1.0,21.482636937930444,32.02081557825417,40.744351050657556,5.596400000000001,31.501173600291487,8.430046583135914,209.05659999999997
57,5947.207011535366,29.775,0.19679401003535726,2972.6364490765786,3565.0795088612526,7.52987914447196,34.36546500138647,46.60654435861542,2804.00465619197,61.57388215534403,119.92040663216622,0.15311047717383292,95.14628343527802,50.28721300881513,2711.7339048399886,20.12537318634479,52.66824175149553,3317.3910263352423,18.771739999467922,70.70142109698818,18.514326531309628,292.0917817521341,103.01684253534127,97.5119327655833,31.678627979031596,17.042852052610005,18.57382386496713,5.1410276871587826,14.923447211471109,3.324084668357421,32.13910924154648,22.8901040328363,14.450289200155302,0.9377060667437517,14.198791997310504,4.207190150396156,7.417729383297387,3.6397574838861173,0.012445167964816237,0.3983442153122271,0.13915421588722285,53.829930042926115,43.99862952030146,29.775,51.17914579505557,42.79892176885364,19.376278093496136,49.2784968762814,1.0,18.759090303607643,29.71031281190047,37.7770360560568,4.5103,29.544758000132266,8.969434843101336,241.5522
58,5735.110833741861,29.775,0.17502261980760775,2876.6853385842596,3457.647933244009,7.246329191295587,34.79057694098817,46.587508269701075,2837.1846152133985,62.05127768649618,121.02771341028776,0.1332214935231418,97.76541504760134,50.5298341677409,2744.702281284383,19.507952691302915,52.16137088600611,3353.193133925791,18.150707652275685,74.62548600100986,52.5707686576274,295.72347745241854,104.60001524045781,100.14975269085605,32.011971899968934,17.52585588800997,19.027628998474015,4.936182423417317,13.460210028311952,3.9416003193892983,32.07039347068068,23.275584990503088,14.646144256814779,0.7566253572996414,12.360964975496078,4.944619771331845,7.953481532277211,3.9264953514650527,0.014879269652683574,0.30810094681721945,0.12474006133223044,53.397527590687034,44.145176304107906,29.775,49.301292500247584,41.26522691568102,17.17791485936731,47.58039016941601,1.0,16.375097187073262,28.53487172759207,36.370378535477634,14.686699999999998,28.02002324348867,7.011292385404805,226.7116
59,6755.520836390808,29.775,0.2596999650455392,3376.1871916641385,4104.6414314506455,8.57584288517468,32.0066994154557,45.921462635010485,2813.00572828708,53.72553870914627,126.64948473217048,0.2273976560866627,100.94287139972425,49.47871146052013,2719.2873518340843,23.423699961701892,48.37954631874536,3335.3393036411812,21.327779469668155,74.66347363075292,12.561333542554667,281.52849579882775,107.37459849421653,100.06592442384981,32.373017771722076,14.66277649064518,18.73362529423504,5.403971562330935,12.461973188561313,6.796894731669797,32.700856255162634,20.837373182629037,13.623056272884194,0.3973934254247727,10.497699087825657,9.023384215247297,8.649111356395768,4.282395427301125,0.01103336295492662,0.24898600205782548,0.21817555575199693,53.44522664150361,44.826865952202986,29.775,58.104517899373754,48.997025197307806,25.511527091275116,56.18022525346596,1.0,28.73234493303429,33.8044207260431,42.706930288704356,3.3569000000000004,31.614600115595618,8.77898198960943,247.0292
60,7253.1962126082035,29.775,0.2647705567815463,3623.333276114572,4418.4207518587655,9.165714386529585,32.88486970574496,47.94408300131195,2849.9316696749397,62.01903545234226,123.20125791367585,0.20969677652004787,92.37626813772619,49.49409432956777,2754.301078683506,25.01828225003413,50.205931449078264,3382.2257145873236,22.808008135983748,69.50446600648023,60.96500370959486,284.0213415446097,102.86683423024814,93.52600215527035,32.43038247230967,15.722279170068992,18.96856719360618,5.878866991503866,15.49890292301686,4.4066470454820745,32.638942796674435,22.740897792739066,13.467854295729776,0.829881240508225,14.522793171903583,5.814542506045257,6.653958874225788,3.241058179634487,0.006178776619193169,0.47075686492813107,0.1787095228445646,53.80696903602675,44.60703099283237,29.775,62.368071906319116,52.75962375788259,26.091896681247654,60.13428922922526,1.0,25.111436726459857,36.91365239025816,46.11674550370221,14.100100000000001,35.63904983942535,11.928482867568373,246.25650000000002
61,5722.570232326526,29.775,0.17703945836497165,2865.892372245698,3454.096112572946,7.259310734566552,34.020010008845645,45.57647801913019,2700.256865571965,50.16202448059072,118.99666923076242,0.13990849282181153,95.51270526072659,50.14619149879316,2610.995996385911,19.339349194612723,52.77740809385061,3197.1483588104215,18.06049724537571,70.25005361623406,-0.11837536796927448,289.6355060166784,102.5991320006193,97.24931439098005,32.09469131456869,16.607222860894478,18.5749455801001,5.139584734397589,14.996960975476904,3.0295061444564864,32.51553816202577,22.057770011709835,14.549444446274602,0.9622535828502394,14.346412185459988,3.8265002977858993,7.856143382870199,3.8799097333922177,0.0035422205527108628,0.40892498937874755,0.09642584321824542,53.64079144923162,44.1955277115344,29.775,49.29886162969234,41.39019765754546,17.38849848709707,47.59344668849586,1.0,17.58564768471688,28.470614166767895,36.3817350787087,0.0,28.7635956181965,7.626574567998072,250.0
62,7479.879861557278,29.775,0.2698609735625529,3886.073729812245,4722.220275992596,9.757638059555116,31.299148018619338,47.65113416172103,2701.039575524329,50.1307657622058,119.00102366782184,0.2328962973969419,82.1360508795671,50.310223110861486,2608.4095082720523,27.08410977300705,50.61538713209538,3216.890202710492,24.052809142212617,57.67125533641871,0.017452271133661296,269.0992232316416,97.7869221255838,82.61843180203451,32.10016356701864,13.70389109139008,18.693449108654143,6.861172352046279,20.963651766932678,2.0781851694843096,33.01994276537332,20.955613538136173,12.817984369888801,1.6047644191665733,21.749990948015984,2.824085466067286,5.063108514201534,2.4302271533376314,0.039721452720269564,1.1815318917096256,0.14157127884265605,53.30081756047584,43.2110582207138,29.775,66.89173120145043,56.484593104372195,26.569309566259797,63.98266222627615,1.0,28.452694638631158,40.55297948615354,49.30585646897923,0.0,40.097812911504626,18.01720632716653,250.0
63,5705.908534324169,29.775,0.17679838401768805,2866.1567956797503,3437.0223707015234,7.280901641704776,36.22728829309339,48.10641902006027,2894.1938406960153,49.95953850178565,119.00442726974077,0.12868343877193827,95.02615788888835,49.307814409557025,2800.352025510809,19.181363495693397,50.76522518597891,3417.8086424673406,17.980087065843765,70.104625970234,0.5086938120424747,304.9786035858507,102.65668786912818,98.97778623671852,32.24183455426745,19.194884109971305,18.664740347983447,4.824097277491305,12.796756692021406,3.225616056008272,32.435528454999925,25.27260631829501,14.726499440392976,0.8221797674637203,11.827478338500086,3.9980950077393893,7.274792739191463,3.591624036926023,0.025234727553089226,0.35390594526719293,0.11408789339538998,53.4973586087472,44.436472231893916,29.775,49.340945262360165,41.08382539090255,17.381686789968864,47.56255329769887,1.0,15.098989317619973,28.23061442119384,36.34170388518805,0.0,28.686907976901374,7.248869950755562,250.0
64,7630.848765080163,29.775,0.2675013890691796,3853.7042862304347,4711.594694359128,9.734840483753606,34.02341054962282,49.9609493520446,2895.2981611508562,50.075224852743744,119.00219837992877,0.18662979307338368,81.58387692488985,49.507297200909974,2797.696094075144,26.45492951963243,49.83026465012706,3438.4478643707653,24.01524253264736,57.98526566565067,-0.23539575561881065,286.56786196421325,97.89447052611459,86.02651450560451,32.16373749900174,17.235318522082586,18.92109288403371,6.2774063848100905,17.86036727992097,2.2274853487051653,32.74711402578359,25.19495631024651,13.512540984112594,1.2622395652870362,17.520596296225506,2.9186896653846146,4.749796911377681,2.264786457990845,0.01511067327833344,0.9886487295421883,0.15927302491476505,54.514956432922325,43.583305448841614,29.775,66.37748279585391,56.423648860498005,26.32347321562464,63.847682416270416,1.0,21.317886282016055,39.82668573415551,49.277182351665424,0.0,39.81826108220631,17.18230344459506,250.0
65,5666.711288345271,29.775,0.21277891681277977,2838.438044859651,3434.6439493178177,7.23363826865347,32.021174840973444,43.54093932264572,2699.6717862386968,49.71827188954393,126.99889203970622,0.19952965659569505,107.08825469460764,50.2017246298004,2610.3157415592786,19.587623055763025,49.55444887309592,3196.2967118019537,17.975682844510597,79.21034112146417,0.32355904117226597,280.4551098293887,110.47093098826842,105.77354158875127,32.286928967824906,13.752738911378728,18.876844264568668,4.908345698134063,10.503036982076148,7.069076045398717,32.60081517444937,18.74103028704544,14.417943882759625,0.33091408486675633,8.56745580871172,9.133369214836032,10.652572904409755,5.341144260921924,0.01158648735164685,0.17307304428428505,0.17431679365569355,53.737095769437,44.02721651869682,29.775,48.82933815947324,41.122440976659355,20.89672735377776,47.25401921618094,1.0,26.58903406137738,28.01821030851907,35.79968852184784,0.0,25.96401090255902,5.762811389827243,250.0
66,7543.848584165937,29.775,0.29458051344918673,3817.409212221008,4642.653790336405,9.659145407069156,29.620093212388923,45.56744455434619,2700.4074087111962,50.15680921519875,127.00451879271395,0.25724256973626486,97.10843978503046,50.07364320060893,2608.1880290748827,26.709102942273365,50.306515131578024,3214.83295897319,23.988681435702,70.69153728522244,0.36881876245141026,265.6964395076187,105.44196385029723,92.82885906204388,32.6529719572831,12.825554041802317,18.60223932905604,6.281943244423968,14.728871526759544,6.742923435561432,32.918712363673855,19.551422823621824,12.106975333300184,0.5383619387968201,13.442548336555308,9.369207925233187,7.959259439807161,3.9455266086999132,0.004178623935992785,0.3859024895648727,0.26599679087324846,53.45836493198465,44.0972099307711,29.775,65.78048076780274,55.6438987165339,29.031050359363284,63.39861522970629,1.0,33.45711419987377,38.798499838302824,48.39442402273192,0.0,36.30095590803957,11.665464298185668,250.0
67,5734.198068725433,29.775,0.20390279009936774,2827.0028116281474,3428.2792754513257,7.198641571452692,34.023686382337935,45.63335520847191,2895.297632293753,50.093709445416025,127.00312000886535,0.18884059726415442,106.4680031754292,50.10175475711431,2801.3948841469437,19.579702665210185,48.346474272151404,3419.2293183248644,17.97931311016945,78.76550409776988,0.11423522248864178,294.0152209954961,110.55791396093282,107.43635214046608,32.3258460407846,15.879342143081274,18.84668943272494,4.530614499450355,9.373546228494941,7.3546515090194715,32.68973191610007,21.265470732584134,14.659676278410931,0.3542556395458689,6.9160394523655215,9.345795432464111,9.836283640908139,4.950205839201404,-0.005724057330417952,0.1367199917036069,0.17825911386607216,54.13704176310741,44.625280393020724,29.775,48.66450827023962,41.06465535508749,20.11030013760775,47.274740682968144,1.0,23.54752885838818,27.986533353548595,35.788684950337675,0.0,25.779857300460066,6.152418832730473,250.0
68,7567.8506181301855,29.775,0.2948986724064608,3808.7738539317957,4625.922131901767,9.65358046207903,32.06353560447271,47.95036990545431,2895.9075706214717,50.159228014912884,126.99586063880766,0.22236724604341368,96.31704570653379,50.58483547465915,2798.592189498332,26.600691657655716,49.49634451067341,3438.0096809160714,23.982022872253125,70.2779283876768,0.1802937389910221,281.24785512830545,105.56107837023885,95.95649441065017,32.46755580947477,15.2806336683486,18.780210897232006,5.937097367629623,12.78928808498448,6.931479243129951,32.86470118240902,22.595051710067494,12.803824246165552,0.5237349852088566,10.99622032061487,9.428064389684213,7.321016701206692,3.6250309001831313,0.005826487528571614,0.32497004754244435,0.2844886514026045,53.48015888856264,44.164509313020616,29.775,65.6318123087085,55.3805341372143,28.998817318729454,63.238964675898295,1.0,26.87951968203746,38.57916851655338,48.40711751626809,0.0,36.0583557382808,11.506532857134175,250.0
69,6649.754894024889,29.775,0.24359159399927618,3336.1010519027504,4048.8005032876836,8.408830812622236,32.98647683965271,46.785723478320214,2797.4157027579827,57.35021195114052,123.00299337179646,0.20192694103145717,95.91611978286173,49.44488205772641,2704.1548997323403,22.750962407877616,48.26284479160614,3316.7980844563217,20.950460534521476,71.53909575405959,30.146548288377012,285.6421295289942,104.08438615351716,96.69368438392863,32.26192480872692,15.881091424316159,19.09581542069818,5.525836656084193,14.270706044624172,4.515271467830162,32.570745782886306,22.32355814382765,13.855431537928713,0.7472578329549332,13.225580188059364,5.9333897255889765,7.5528009983805955,3.7235833590195164,0.012487409176590471,0.3758798985378486,0.16700287864685703,54.12030754449254,44.00723996598498,29.775,57.363534484483125,48.28604362912683,24.01134111327128,55.31452653939889,1.0,24.815196965847626,33.43974748109615,42.26141301586206,7.5,32.51017063062035,10.219787613682946,225.0
70,7253.679636796525,29.775,0.2537879369581883,3672.494800023555,4434.518922712499,9.258026472468492,33.894431207195865,49.05778493289764,2893.4723254272844,49.91866074176751,122.00056816547627,0.1948565555916847,90.09076810710849,49.51492745731058,2796.7332144860957,24.927608261391114,49.39224392582959,3432.2978085546006,23.004888191408856,65.5301193799626,-0.26772848352789874,290.021536541076,101.47471774636068,92.78917698029373,32.38249999163383,17.36304821550874,18.96421130899963,5.851933420298293,14.779760947660955,3.870648233322833,32.56256921113962,24.97317864908546,13.4789257604106,0.8099455147427987,13.817376553876136,5.064756452975246,6.214681045574485,2.985174486928456,0.010813983922719487,0.5187107857675552,0.17830491953803104,53.1841546948825,44.323128519311275,29.775,63.361037089419995,53.013019657553684,24.9429452426385,60.938619633513085,1.0,22.794015957881843,36.990954313017646,46.713901982298964,0.0,36.62066020183478,12.14914126866538,250.0
71,7280.507904225362,29.775,0.2489048221963069,3681.2105987816394,4469.093125126971,9.303688806749753,34.18294275010898,49.50191690022573,2895.151517095425,49.91427790400001,119.99400591874192,0.1910313399063274,86.25092151047885,49.55213829539973,2798.6130825831124,25.030956662092553,49.6315265490472,3434.8382245560083,22.92978438435215,62.24699672720311,0.2094874192774296,290.1986637083195,99.60908837209895,90.02182974467074,32.23596544056701,17.56500389898421,18.904900640120708,5.95848685099953,16.47872807018108,2.8960346357824385,32.70324743737331,25.387798280675003,13.669584322355485,0.9944305074333579,15.434596601830378,3.7641373900885653,5.532810171689145,2.649569520694932,0.02192288148662585,0.6944381088149434,0.17225883899361613,54.18081698113262,43.86380868600599,29.775,63.339282091563916,53.57212847248953,24.466456480870868,61.05609377532587,1.0,21.965549737584745,37.413646551869554,46.92435828581294,0.0,37.42157512998244,13.414768480886895,250.0
72,7272.5811011604965,29.775,0.26325113522305793,3659.968379745145,4438.191873632679,9.27894718164291,33.4165641851905,48.480667194789866,2895.288536437853,50.103373734563895,123.99898240812624,0.21741168062784846,93.52293767960087,50.02634301601687,2798.845835825314,25.006097502374793,49.02998299177258,3434.312613866966,22.978278640071508,68.29149467393185,0.2574106480181217,288.61820368912754,103.42446857775481,95.15985411941074,32.485701290212106,16.79510942994417,18.63165140207276,5.612658181744834,13.505317522292415,5.013247254189824,32.76642354299878,24.24962749839252,13.467308378496583,0.6641089928347954,12.06652621164405,6.6138030797539615,6.825534601132293,3.3697087181355188,0.013583471655514007,0.40464390906008674,0.21266435616168028,54.108608100179175,43.63455950393573,29.775,62.966570679735526,53.11712332561886,25.96430234102859,60.847059185775265,1.0,25.720447334751366,36.80942208990889,46.51450643540292,0.0,35.7516302115273,11.722245362314665,250.0
73,7261.6784519919975,29.775,0.266106030254862,3685.692717064279,4458.530529431284,9.282988525631227,32.81482952564256,47.894999953924646,2799.583248689913,49.489636255285724,122.00410718897751,0.18658342927685373,90.31658427937228,49.744559575535604,2705.2659571830336,25.11527866506596,49.56318445190793,3325.368483566296,22.987753450915775,65.55097801025815,0.34406259790062904,282.3582047572493,101.42930719239732,91.45335544623005,32.174103208541624,16.08647753512178,18.973541935357485,6.024208645497339,15.786058969208828,3.7810305773556356,32.81556315044442,23.397068465874742,13.257137926455552,0.8451142793778711,15.055783648705779,4.998602287136633,6.411912100917419,3.104023978948284,0.011612763854369736,0.563831677734206,0.17460436827634193,53.61722906025078,43.97063749077035,29.775,63.31386429119,53.309741668901935,26.196203151211826,60.92380324374525,1.0,22.461295701901207,37.2035222668718,46.72328352505918,0.0,36.76773650206458,12.987830866892542,250.0
74,6921.4129788426235,29.775,0.24803645535624713,3505.574186160555,4221.027498358895,8.849032357724742,34.23873430656685,48.728478710213,2894.6596252911404,49.89583991677769,122.0036781144831,0.16545367045527654,92.07935456937852,49.66130991527397,2798.6592247718363,23.79000997032168,48.552228013303285,3430.450333925282,21.9684373864332,67.25830052717826,0.08567895904183385,292.247273908627,102.28879177983764,94.7249306137561,32.152887044966235,17.618259126521405,18.87465407113736,5.554188723903671,14.173224731660502,4.0557737348747995,32.24188056452914,25.008153423551484,13.762041873768254,0.6764798512874737,12.943721133208063,5.280427094720658,6.5965977247318195,3.2588772803554376,-0.002024705758097215,0.45516544169129824,0.1748408781088993,53.353511268532976,43.867312055737095,29.775,60.49121856809038,50.5589449940333,24.45537522558461,58.24476032482149,1.0,19.426770423083543,35.13378600301056,44.55233521747413,0.0,34.80471229780962,10.468576227803206,250.0
75,7556.112079311219,29.775,0.26655691256028363,3845.517956096024,4635.37461631495,9.686737138680995,33.53776339814699,49.37460703368515,2894.187360534869,49.918710808204246,122.00054636518712,0.2019986436784876,87.81447329031441,49.71002946666791,2797.0296858811043,26.142500333942962,49.61497697991804,3436.1953772173692,23.985681282980373,63.52339359106314,0.09613431707024572,287.2579526150936,100.67988828569071,90.50935558842647,32.41917942385753,17.269009137545062,18.89547739971684,5.96705425534442,15.553423496856496,3.665188947838108,32.97383877853612,25.208071574451463,13.139101304767632,0.807552435500565,14.44425358388637,4.842090942077389,5.809461742173702,2.801040218422264,-0.001011411070360447,0.6279338276058476,0.19886442561022089,53.51064094407202,43.82712932549306,29.775,66.2725731440064,55.55783493812983,26.24179968150878,63.625130373971764,1.0,23.428324499235874,38.97431941472922,48.88895738714366,0.0,38.55617519483381,13.940724140886221,250.0
